model,layer,head,head_name,full_head_name,clean_mape,fault_mape,delta_mape,pos_delta_mape,mape_redundancy_score
base_transformer_regressor,3,0,L3_H0,base_transformer_regressor_L3_H0,1.42402787140485,4.023784585876832,2.599756714471982,2.599756714471982,3.8469227803261674e-13
base_transformer_regressor,2,2,L2_H2,base_transformer_regressor_L2_H2,1.42402787140485,2.8246114305830434,1.4005835591781934,1.4005835591781934,0.4612636054054323
base_transformer_regressor,2,7,L2_H7,base_transformer_regressor_L2_H7,1.42402787140485,2.5648014435232853,1.1407735721184353,1.1407735721184353,0.5611998746776232
base_transformer_regressor,0,1,L0_H1,base_transformer_regressor_L0_H1,1.42402787140485,2.3534885145604574,0.9294606431556074,0.9294606431556074,0.6424816837740043
base_transformer_regressor,0,5,L0_H5,base_transformer_regressor_L0_H5,1.42402787140485,2.0450947900957313,0.6210669186908813,0.6210669186908813,0.7611057545371961
base_transformer_regressor,2,5,L2_H5,base_transformer_regressor_L2_H5,1.42402787140485,1.9445438409794278,0.5205159695745778,0.5205159695745778,0.7997828155700731
base_transformer_regressor,0,0,L0_H0,base_transformer_regressor_L0_H0,1.42402787140485,1.8807616255274793,0.4567337541226293,0.4567337541226293,0.8243167325696407
base_transformer_regressor,0,7,L0_H7,base_transformer_regressor_L0_H7,1.42402787140485,1.8637343349768671,0.43970646357201715,0.43970646357201715,0.8308663033259427
base_transformer_regressor,3,5,L3_H5,base_transformer_regressor_L3_H5,1.42402787140485,1.8489673720284379,0.4249395006235879,0.4249395006235879,0.8365464359576696
base_transformer_regressor,0,2,L0_H2,base_transformer_regressor_L0_H2,1.42402787140485,1.837041205350284,0.41301333394543405,0.41301333394543405,0.8411338523923538
base_transformer_regressor,1,4,L1_H4,base_transformer_regressor_L1_H4,1.42402787140485,1.7547584933895097,0.33073062198465975,0.33073062198465975,0.8727840108486056
base_transformer_regressor,3,1,L3_H1,base_transformer_regressor_L3_H1,1.42402787140485,1.7084948454699753,0.28446697406512533,0.28446697406512533,0.890579386724349
base_transformer_regressor,0,4,L0_H4,base_transformer_regressor_L0_H4,1.42402787140485,1.6732505712096242,0.24922269980477418,0.24922269980477418,0.9041361453487788
base_transformer_regressor,3,6,L3_H6,base_transformer_regressor_L3_H6,1.42402787140485,1.6643484732484775,0.24032060184362747,0.24032060184362747,0.9075603495874248
base_transformer_regressor,3,4,L3_H4,base_transformer_regressor_L3_H4,1.42402787140485,1.570413668214346,0.14638579680949593,0.14638579680949593,0.9436925016888855
base_transformer_regressor,3,2,L3_H2,base_transformer_regressor_L3_H2,1.42402787140485,1.5129137977151954,0.08888592631034542,0.08888592631034542,0.9658099060517806
base_transformer_regressor,1,2,L1_H2,base_transformer_regressor_L1_H2,1.42402787140485,1.5099940452695204,0.08596617386467043,0.08596617386467043,0.9669329928504109
base_transformer_regressor,2,1,L2_H1,base_transformer_regressor_L2_H1,1.42402787140485,1.5003960033568269,0.07636813195197689,0.07636813195197689,0.9706248928883109
base_transformer_regressor,3,3,L3_H3,base_transformer_regressor_L3_H3,1.42402787140485,1.4961429450549895,0.07211507365013947,0.07211507365013947,0.9722608376204316
base_transformer_regressor,2,4,L2_H4,base_transformer_regressor_L2_H4,1.42402787140485,1.4662828727119872,0.04225500130713722,0.04225500130713722,0.9837465555634873
base_transformer_regressor,2,3,L2_H3,base_transformer_regressor_L2_H3,1.42402787140485,1.4586678175792687,0.03463994617441868,0.03463994617441868,0.9866756970059636
base_transformer_regressor,0,3,L0_H3,base_transformer_regressor_L0_H3,1.42402787140485,1.4525374075367965,0.02850953613194651,0.02850953613194651,0.9890337676701699
base_transformer_regressor,2,6,L2_H6,base_transformer_regressor_L2_H6,1.42402787140485,1.4445536263754861,0.020525754970636134,0.020525754970636134,0.9921047400872673
base_transformer_regressor,3,7,L3_H7,base_transformer_regressor_L3_H7,1.42402787140485,1.4282316163880013,0.004203744983151347,0.004203744983151347,0.9983830237038147
base_transformer_regressor,1,7,L1_H7,base_transformer_regressor_L1_H7,1.42402787140485,1.349625412417839,-0.07440245898701092,0.0,1.0
base_transformer_regressor,1,6,L1_H6,base_transformer_regressor_L1_H6,1.42402787140485,1.3993462782899089,-0.024681593114941114,0.0,1.0
base_transformer_regressor,1,5,L1_H5,base_transformer_regressor_L1_H5,1.42402787140485,1.3909171269517464,-0.03311074445310358,0.0,1.0
base_transformer_regressor,1,3,L1_H3,base_transformer_regressor_L1_H3,1.42402787140485,1.375279296567587,-0.048748574837262915,0.0,1.0
base_transformer_regressor,1,0,L1_H0,base_transformer_regressor_L1_H0,1.42402787140485,1.376237030526208,-0.04779084087864205,0.0,1.0
base_transformer_regressor,1,1,L1_H1,base_transformer_regressor_L1_H1,1.42402787140485,1.349649112707495,-0.074378758697355,0.0,1.0
base_transformer_regressor,0,6,L0_H6,base_transformer_regressor_L0_H6,1.42402787140485,1.418858044353481,-0.005169827051368925,0.0,1.0
base_transformer_regressor,2,0,L2_H0,base_transformer_regressor_L2_H0,1.42402787140485,1.3391575762719203,-0.08487029513292965,0.0,1.0
