epoch,train_loss,train_mse,train_rmse,train_mae,val_loss,val_mse,val_rmse,val_mae,lr
0,0.016768908448490903,0.01680912636220455,0.12965001489473324,0.07874979823827744,0.001913232892547967,0.0019169695442542434,0.04378321075771218,0.035524073988199234,0.0001
1,0.0015778275370161902,0.0015798299573361874,0.039747074827415754,0.03124864399433136,0.0005287920594128082,0.0005299215554259717,0.023020025096119504,0.017674941569566727,0.0001
2,0.0012464460362399538,0.001246912288479507,0.03531164522476271,0.027691606432199478,0.0008677260539116105,0.000869635958224535,0.029489590675771254,0.023755142465233803,0.0001
3,0.0009689612154343581,0.0009699781076051295,0.031144471541593534,0.0244294460862875,0.0010956755613733549,0.0010949457064270973,0.03308996383236309,0.02785762958228588,0.0001
4,0.0008354381470716433,0.0008364053210243583,0.02892067290061485,0.022613903507590294,0.000417198367358651,0.0004177064402028918,0.02043786779981933,0.015805024653673172,0.0001
5,0.0007353473116407593,0.0007351784151978791,0.02711417369565001,0.021126551553606987,0.0003165498696944269,0.00031716376543045044,0.017809092212419206,0.013905219733715057,0.0001
6,0.000694483396302453,0.0006947112851776183,0.026357376295405775,0.02050858736038208,0.0007076135279930895,0.0007070003775879741,0.026589478700944365,0.02171381376683712,0.0001
7,0.0006636121788752391,0.0006639288039878011,0.02576681594585953,0.020080512389540672,0.0003000364154104318,0.0003003902966156602,0.017331771306351242,0.013246485032141209,0.0001
8,0.00062095078279294,0.0006209571729414165,0.024919012278608006,0.019309168681502342,0.0002837699948941008,0.0002843803958967328,0.01686358194147177,0.012911489233374596,0.0001
9,0.0006258500913729402,0.0006262257229536772,0.025024502451670785,0.01945299468934536,0.00028771310644515324,0.0002881943073589355,0.016976286618661206,0.01300839427858591,0.0001
10,0.0005798350377891754,0.0005801749648526311,0.02408682139371302,0.01868193782866001,0.00036702829947898863,0.00036717430339194834,0.019161792802134887,0.014919769950211048,0.0001
11,0.0005416357769021527,0.0005417882348410785,0.02327634496309673,0.017985116690397263,0.0002786608620226616,0.0002783384989015758,0.01668347981991694,0.012889448553323746,0.0001
12,0.0005351134688603355,0.000534083868842572,0.023110254625221507,0.017832694575190544,0.0002518117930776498,0.0002523030270822346,0.015884049454790633,0.012230628170073032,0.0001
13,0.0005170079206152826,0.0005174350226297975,0.022747198127017698,0.017547138035297394,0.00028105317142035346,0.0002808651188388467,0.016759030963598303,0.012860504910349846,0.0001
14,0.0005015186030014768,0.0005011283792555332,0.02238589688298267,0.017285378649830818,0.0003160011406180274,0.0003163686487823725,0.017786754869350746,0.013959452509880066,0.0001
15,0.00048618158222347866,0.0004860347253270447,0.0220461952573918,0.0169946551322937,0.000481668503198307,0.000482446514070034,0.021964665125378854,0.018544703722000122,0.0001
16,0.00047995635927142904,0.00048041794798336923,0.02191843853889618,0.0168487299233675,0.0002680563397916558,0.00026767884264700115,0.01636089369952024,0.012560317292809486,0.0001
17,0.0004759745761927164,0.0004762861062772572,0.02182398007415827,0.016783280298113823,0.0004522020881267963,0.0004522482049651444,0.021266128114096002,0.01724862866103649,0.0001
18,0.00045835394265727927,0.00045820220839232206,0.02140565832653418,0.016431599855422974,0.0004214019654682488,0.0004211808554828167,0.020522691233919997,0.016621330752968788,0.0001
19,0.00045621289047230934,0.0004567106952890754,0.02137079070341281,0.016381438821554184,0.00021567810927081155,0.0002160731964977458,0.014699428441192732,0.010936649516224861,0.0001
20,0.0004324802768343221,0.00043218760401941836,0.020789122252260154,0.01587526872754097,0.0003897099868481746,0.0003895630652550608,0.0197373520325058,0.015657572075724602,0.0001
21,0.0004485297575758123,0.0004483186930883676,0.02117353756669791,0.01628962717950344,0.00031135411427385407,0.0003121527552139014,0.017667845234037496,0.01386908907443285,0.0001
22,0.00044587980313903606,0.0004453952715266496,0.021104389863880205,0.016162250190973282,0.00035122011195198866,0.00035221324651502073,0.01876734521755863,0.015158032067120075,0.0001
23,0.0004565187732784857,0.00045737341861240566,0.021386290435987387,0.016454139724373817,0.00021321368967619492,0.0002137334377039224,0.014619625087666318,0.01107762474566698,0.0001
24,0.0004237975370170258,0.0004239346308168024,0.02058967291670274,0.015752825886011124,0.0004576362334773876,0.0004594904894474894,0.02143572927258341,0.017813699319958687,0.0001
25,0.00043065688263828014,0.000430876825703308,0.020757572731495078,0.01586669124662876,0.00023410929634337663,0.00023442840029019862,0.015311054839239478,0.01168401725590229,0.0001
26,0.000391178661507409,0.0003904696786776185,0.019760305632191486,0.01499758381396532,0.0003733668290806236,0.00037355360109359026,0.01932753479090363,0.014775709249079227,0.0001
27,0.0004033539854964334,0.0004031365388073027,0.020078260353110843,0.01531855296343565,0.0003029167673958,0.00030394745408557355,0.017434088851602584,0.013720767572522163,0.0001
