model,layer,head,head_name,c_damage,w_damage,c_mae,w_mae,delta_mae,redundancy_score,attention_entropy,attention_variance
base_transformer_regressor,0,0,L0_H0,0.008517587557435,2.070503825494008,0.0058992402628064,2.6212838176099336,0.0058992402628064,0.5909235993484274,1.125545414161682,0.0262788917660713
base_transformer_regressor,0,1,L0_H1,0.0038616412784904,0.9387098149429222,0.0015790807083249,0.7016528439312919,0.0015790807083249,0.8145359464566386,2.156367479324341,0.0089496250793337
base_transformer_regressor,0,2,L0_H2,0.0052332212217152,1.2721213003275236,0.0027263099327683,1.2114156722199774,0.0027263099327683,0.748662718550632,2.8649282211303717,0.0014096446938812
base_transformer_regressor,0,3,L0_H3,0.0023988289758563,0.5831210466255597,0.0005290461704134,0.2350777563708569,0.0005290461704134,0.8847908146990036,2.648912870025635,0.0032911346625536
base_transformer_regressor,0,4,L0_H4,0.0058329938910901,1.4179174659664069,0.0032910974696278,1.4623748406558954,0.0032910974696278,0.7198572800220997,2.5435566246032715,0.0056033742785453
base_transformer_regressor,0,5,L0_H5,0.0015612510032951,0.3795178098353856,0.0,0.0,-3.740563988685608e-05,0.9250173905891756,2.851860653305054,0.0010703020906075
base_transformer_regressor,0,6,L0_H6,0.0066923387348651,1.6268119181169525,0.0041795037686824,1.8571316146521981,0.0041795037686824,0.6785853009271363,2.510329508972168,0.0043443187877535
base_transformer_regressor,0,7,L0_H7,0.0008462980040349,0.20572295183894573,0.0,0.0,-0.0001226048916578,0.9593546248823694,2.9606697509765625,0.0005415509865619
base_transformer_regressor,1,0,L1_H0,0.0015316244680434,0.37231602245590245,0.0,0.0,-1.4936551451683044e-05,0.9264402719300286,2.8935166145324707,0.0011497538225725
base_transformer_regressor,1,1,L1_H1,0.0010494091548025,0.25509637028977394,0.0001354571431875,0.06018938059799415,0.0001354571431875,0.9495997526338648,2.92050383644104,0.0007786799291148
base_transformer_regressor,1,2,L1_H2,0.0012342560803517,0.30003001657161854,0.0,0.0,-1.2890435755252838e-05,0.9407220610967612,2.4135502410888674,0.0058411280371248
base_transformer_regressor,1,3,L1_H3,0.0023722273763269,0.576654577896183,0.0004105539992451,0.18242663572482795,0.0004105539992451,0.8860684166624323,2.651201091766357,0.0032003176182508
base_transformer_regressor,1,4,L1_H4,0.0029699313454329,0.7219478720598186,0.0011573703959584,0.5142689829119302,0.0011573703959584,0.8573623321416289,1.5494317747116089,0.0161565993160009
base_transformer_regressor,1,5,L1_H5,0.0019823806360363,0.4818884059390225,0.0003925105556845,0.17440916491294095,0.0003925105556845,0.9047916878056316,2.8564557121276857,0.0014831489982083
base_transformer_regressor,1,6,L1_H6,0.0056750969961285,1.379534987025378,0.0030154101550579,1.3398752196523878,0.0030154101550579,0.7274406354064029,1.4657342077255249,0.0203662802904844
base_transformer_regressor,1,7,L1_H7,0.0054651349782943,1.3284962206842348,0.0027574244886636,1.2252411952071816,0.0027574244886636,0.73752453603554,2.5833705429077147,0.0044071429912
base_transformer_regressor,2,0,L2_H0,0.0008544182055629,0.2076968567990222,0.0,0.0,-9.354203939437866e-06,0.958964633844265,2.969301753234863,0.0003869356960058
base_transformer_regressor,2,1,L2_H1,0.0007845059153623,0.19070217804364686,0.0,0.0,-8.541159331798553e-06,0.9623223296523464,2.8270492820739745,0.0012607193823903
base_transformer_regressor,2,2,L2_H2,0.0055756769143044,1.3553673857697808,0.0029083536937832,1.2923054721919822,0.0029083536937832,0.7322155096241116,2.56306462097168,0.0045040125757455
base_transformer_regressor,2,3,L2_H3,0.0074602859094738,1.8134889028949586,0.0050017358735203,2.222484374450731,0.0050017358735203,0.6417029015433751,2.2855841842651365,0.0054485866256058
base_transformer_regressor,2,4,L2_H4,0.0030774527695029,0.7480847938534982,0.0008849222213029,0.39320864979335957,0.0008849222213029,0.8521983726454812,2.6511734329223637,0.0024434477765113
base_transformer_regressor,2,5,L2_H5,0.0009249104768969,0.22483252068044657,6.78524374961853e-05,0.03014972919742174,6.78524374961853e-05,0.9555790831309215,2.5974717166900634,0.0032199215605854
base_transformer_regressor,2,6,L2_H6,0.0020658313296735,0.5021740771165529,0.0005495948716998,0.24420841994029024,0.0005495948716998,0.9007837795622748,2.6494680961608887,0.0027392823800444
base_transformer_regressor,2,7,L2_H7,0.0054811076261103,1.3323789431315582,0.0032290993258357,1.4348264236048542,0.0032290993258357,0.7367574135101347,1.855968874740601,0.0134597109541296
base_transformer_regressor,3,0,L3_H0,0.0080077843740582,1.9465779563071044,0.0060208262875676,2.6753096692375524,0.0060208262875676,0.6154080498915213,2.272852194595337,0.0058489779122173
base_transformer_regressor,3,1,L3_H1,0.0018585203215479,0.4517797333546984,0.0002713156864047,0.12055712033299015,0.0002713156864047,0.91074035945624,2.774905480957031,0.0021360312752425
base_transformer_regressor,3,2,L3_H2,0.0040613538585603,0.9872570894200783,0.0016064448282122,0.7138118883926535,0.0016064448282122,0.8049442982500383,2.445818595123291,0.0064727347657084
base_transformer_regressor,3,3,L3_H3,0.0013973823515698,0.3396836821568726,0.0002683019265532,0.11921797841352857,0.0002683019265532,0.9328875530941584,2.162500872039795,0.0106083671420812
base_transformer_regressor,3,4,L3_H4,0.0047951661981642,1.165636383568729,0.0024085808545351,1.0702351042055125,0.0024085808545351,0.7697013014960055,2.6719575729370115,0.0034875021092593
base_transformer_regressor,3,5,L3_H5,0.0208215080201625,5.0614110765047595,0.0186517247930169,8.287756082541794,0.0186517247930169,4.802724884456211e-11,2.3963543968200685,0.0064283607937395
base_transformer_regressor,3,6,L3_H6,0.0053858598694205,1.30922557449682,0.0032381322234869,1.4388401249264464,0.0032381322234869,0.7413319023796718,2.919101461410522,0.0008159475497901
base_transformer_regressor,3,7,L3_H7,0.0018648246768862,0.4533122320530921,0.0008366107940673,0.3717418241045083,0.0008366107940673,0.9104375785370192,2.9300163414001466,0.0006967337372712
