model,layer,head,head_name,full_head_name,clean_mse,fault_mse,delta_mse,clean_rmse,fault_rmse,delta_rmse,clean_mae,fault_mae,delta_mae,mean_error_change,mean_harmful_error_change,mean_helpful_error_change,mean_abs_error_change,q90_error_change,q95_error_change,q99_error_change,q90_harmful_error_change,q95_harmful_error_change,q99_harmful_error_change,harmful_rate_001,harmful_rate_005,harmful_rate_010,attention_entropy,attention_variance,redundancy_score,tail_redundancy_score,clean_fault_dataset_mae,checkpoint_path
base_transformer_regressor,0,0,L0_H0,base_transformer_regressor_L0_H0,0.00022143225942272693,0.00046970677794888616,0.0002482745185261592,0.014880600102910061,0.021672719671256908,0.006792119568346846,0.011114711873233318,0.017013952136039734,0.0058992402628064156,0.005899242125451565,0.008517587557435036,-0.00261834473349154,0.011135931126773357,0.023055383935570717,0.028922345489263535,0.04313679784536362,0.023055383935570717,0.028922345489263535,0.04313679784536362,0.6289,0.4934,0.3447,1.125545414161682,0.02627889176607132,0.5909235993484274,0.3928915972458974,0.011114711873233318,/content/drive/MyDrive/fault-tolerance-transformer/ExpB/models/base_transformer_regressor_best.pt
base_transformer_regressor,0,1,L0_H1,base_transformer_regressor_L0_H1,0.00022143225942272693,0.0002853294718079269,6.389721238519996e-05,0.014880600102910061,0.016891698310351356,0.0020110982074412944,0.011114711873233318,0.012693792581558228,0.0015790807083249092,0.0015790809411555529,0.003861641278490424,-0.0022825603373348713,0.006144201848655939,0.012047120369970798,0.017031049355864525,0.024907410144805908,0.012047120369970798,0.017031049355864525,0.024907410144805908,0.4964,0.2753,0.1306,2.156367479324341,0.008949625079333782,0.8145359464566386,0.642501567671838,0.011114711873233318,/content/drive/MyDrive/fault-tolerance-transformer/ExpB/models/base_transformer_regressor_best.pt
base_transformer_regressor,0,2,L0_H2,base_transformer_regressor_L0_H2,0.00022143225942272693,0.00031898528686724603,9.75530274445191e-05,0.014880600102910061,0.01786015920610021,0.002979559103190149,0.011114711873233318,0.013841021806001663,0.002726309932768345,0.0027263101655989885,0.005233221221715212,-0.0025069108232855797,0.0077401320450007915,0.015402961522340775,0.018958454951643944,0.027535391971468925,0.015402961522340775,0.018958454951643944,0.027535391971468925,0.5548,0.3782,0.2145,2.8649282211303713,0.0014096446938812732,0.748662718550632,0.6020434335572539,0.011114711873233318,/content/drive/MyDrive/fault-tolerance-transformer/ExpB/models/base_transformer_regressor_best.pt
base_transformer_regressor,0,3,L0_H3,base_transformer_regressor_L0_H3,0.00022143225942272693,0.0002286061062477529,7.173846825025976e-06,0.014880600102910061,0.015119725733218606,0.0002391256303085447,0.011114711873233318,0.011643758043646812,0.0005290461704134941,0.0005290463450364769,0.002398828975856304,-0.0018697826890274882,0.004268611781299114,0.006730194203555584,0.007744427304714918,0.009361103177070618,0.006730194203555584,0.007744427304714918,0.009361103177070618,0.494,0.2242,0.0026,2.648912870025635,0.003291134662553668,0.8847908146990036,0.8374368740959792,0.011114711873233318,/content/drive/MyDrive/fault-tolerance-transformer/ExpB/models/base_transformer_regressor_best.pt
base_transformer_regressor,0,4,L0_H4,base_transformer_regressor_L0_H4,0.00022143225942272693,0.00034251087345182896,0.00012107861402910203,0.014880600102910061,0.018507049290792655,0.0036264491878825935,0.011114711873233318,0.014405809342861176,0.003291097469627857,0.003291097702458501,0.005832993891090155,-0.0025418964214622974,0.008374891243875027,0.016431957483291626,0.020115474238991737,0.02983560599386692,0.016431957483291626,0.020115474238991737,0.02983560599386692,0.5712,0.41,0.248,2.5435566246032715,0.00560337427854538,0.7198572800220997,0.5777564637553696,0.011114711873233318,/content/drive/MyDrive/fault-tolerance-transformer/ExpB/models/base_transformer_regressor_best.pt
base_transformer_regressor,0,5,L0_H5,base_transformer_regressor_L0_H5,0.00022143225942272693,0.00021867346367798746,-2.758795744739473e-06,0.014880600102910061,0.014787611831461748,-9.298827144831392e-05,0.011114711873233318,0.011077306233346462,-3.740563988685608e-05,-3.7405130569823086e-05,0.0015612510032951832,-0.001598656177520752,0.003159907180815935,0.004951902665197849,0.006588393356651068,0.010381297208368778,0.004951902665197849,0.006588393356651068,0.010381297208368778,0.3935,0.0987,0.0122,2.851860653305054,0.0010703020906075835,0.9250173905891755,0.8617031606597401,0.011114711873233318,/content/drive/MyDrive/fault-tolerance-transformer/ExpB/models/base_transformer_regressor_best.pt
base_transformer_regressor,0,6,L0_H6,base_transformer_regressor_L0_H6,0.00022143225942272693,0.0003503273765090853,0.00012889511708635837,0.014880600102910061,0.01871703439407764,0.0038364342911675776,0.011114711873233318,0.015294215641915798,0.00417950376868248,0.00417950376868248,0.006692338734865189,-0.0025128351990133524,0.009205174632370472,0.017198296263813972,0.02029966562986374,0.02308434434235096,0.017198296263813972,0.02029966562986374,0.02308434434235096,0.6275,0.4936,0.3176,2.510329508972168,0.004344318787753582,0.6785853009271363,0.5738901057812257,0.011114711873233318,/content/drive/MyDrive/fault-tolerance-transformer/ExpB/models/base_transformer_regressor_best.pt
base_transformer_regressor,0,7,L0_H7,base_transformer_regressor_L0_H7,0.00022143225942272693,0.00021680729696527123,-4.624962457455695e-06,0.014880600102910061,0.01472437764271452,-0.00015622246019554066,0.011114711873233318,0.010992106981575489,-0.00012260489165782928,-0.00012260401854291558,0.0008462980040349066,-0.000968902138993144,0.0018152002012357116,0.002674146555364132,0.0037708128802478313,0.0063157151453197,0.002674146555364132,0.0037708128802478313,0.0063157151453197,0.2969,0.021,0.0006,2.9606697509765625,0.0005415509865619242,0.9593546248823694,0.9208469387221143,0.011114711873233318,/content/drive/MyDrive/fault-tolerance-transformer/ExpB/models/base_transformer_regressor_best.pt
base_transformer_regressor,1,0,L1_H0,base_transformer_regressor_L1_H0,0.00022143225942272693,0.00021788969752378762,-3.5425618989393115e-06,0.014880600102910061,0.014761087274445186,-0.00011951282846487526,0.011114711873233318,0.011099775321781635,-1.4936551451683044e-05,-1.4936347724869847e-05,0.0015316244680434465,-0.0015465609030798078,0.0030781852547079325,0.004759927745908499,0.006082318257540464,0.009341634809970856,0.004759927745908499,0.006082318257540464,0.009341634809970856,0.4059,0.0888,0.0071,2.8935166145324707,0.0011497538225725293,0.9264402719300286,0.872326173416735,0.011114711873233318,/content/drive/MyDrive/fault-tolerance-transformer/ExpB/models/base_transformer_regressor_best.pt
base_transformer_regressor,1,1,L1_H1,base_transformer_regressor_L1_H1,0.00022143225942272693,0.00022146639821585268,3.4138793125748634e-08,0.014880600102910061,0.014881747149305175,1.1470463951133991e-06,0.011114711873233318,0.011250169016420841,0.0001354571431875229,0.00013545734691433609,0.0010494091548025608,-0.0009139517787843943,0.0019633607007563114,0.0032098814845085144,0.005138527601957321,0.007786511909216642,0.0032098814845085144,0.005138527601957321,0.007786511909216642,0.3207,0.0529,0.0002,2.92050383644104,0.0007786799291148781,0.9495997526338649,0.8921372650744994,0.011114711873233318,/content/drive/MyDrive/fault-tolerance-transformer/ExpB/models/base_transformer_regressor_best.pt
base_transformer_regressor,1,2,L1_H2,base_transformer_regressor_L1_H2,0.00022143225942272693,0.00022313503723125905,1.7027778085321188e-06,0.014880600102910061,0.014937705219720298,5.7105116810236833e-05,0.011114711873233318,0.011101821437478065,-1.2890435755252838e-05,-1.2890198377135675e-05,0.00123425608035177,-0.0012471462832763791,0.0024814021307975054,0.003797775600105524,0.0049705202691257,0.007733765058219433,0.003797775600105524,0.0049705202691257,0.007733765058219433,0.3814,0.0493,0.0019,2.4135502410888674,0.005841128037124872,0.9407220610967613,0.8956639037948704,0.011114711873233318,/content/drive/MyDrive/fault-tolerance-transformer/ExpB/models/base_transformer_regressor_best.pt
base_transformer_regressor,1,3,L1_H3,base_transformer_regressor_L1_H3,0.00022143225942272693,0.0002291701821377501,7.73792271502316e-06,0.014880600102910061,0.015138367882230571,0.0002577677793205099,0.011114711873233318,0.011525265872478485,0.0004105539992451668,0.0004105551342945546,0.0023722273763269186,-0.0019616722129285336,0.004333898890763521,0.006932043470442295,0.008466620929539204,0.012838776223361492,0.006932043470442295,0.008466620929539204,0.012838776223361492,0.4647,0.2034,0.0251,2.6512010917663575,0.003200317618250847,0.8860684166624323,0.8222773214860768,0.011114711873233318,/content/drive/MyDrive/fault-tolerance-transformer/ExpB/models/base_transformer_regressor_best.pt
base_transformer_regressor,1,4,L1_H4,base_transformer_regressor_L1_H4,0.00022143225942272693,0.000248719152295962,2.7286892873235047e-05,0.014880600102910061,0.015770832327304796,0.0008902322243947349,0.011114711873233318,0.012272082269191742,0.0011573703959584236,0.0011573709780350327,0.0029699313454329967,-0.0018125604838132858,0.00478249229490757,0.00769858667626977,0.009067078121006489,0.01158155594021082,0.00769858667626977,0.009067078121006489,0.01158155594021082,0.5416,0.2829,0.0315,1.5494317747116089,0.016156599316000938,0.8573623321416289,0.8096731360278385,0.011114711873233318,/content/drive/MyDrive/fault-tolerance-transformer/ExpB/models/base_transformer_regressor_best.pt
base_transformer_regressor,1,5,L1_H5,base_transformer_regressor_L1_H5,0.00022143225942272693,0.0002265142393298447,5.081979907117784e-06,0.014880600102910061,0.015050390005904987,0.0001697899029949254,0.011114711873233318,0.011507222428917885,0.0003925105556845665,0.00039251119596883655,0.001982380636036396,-0.0015898692654445767,0.0035722495522350073,0.005435581784695387,0.006390182301402092,0.008037886582314968,0.005435581784695387,0.006390182301402092,0.008037886582314968,0.4984,0.1339,0.0,2.8564557121276857,0.001483148998208344,0.9047916878056315,0.8658638051415329,0.011114711873233318,/content/drive/MyDrive/fault-tolerance-transformer/ExpB/models/base_transformer_regressor_best.pt
base_transformer_regressor,1,6,L1_H6,base_transformer_regressor_L1_H6,0.00022143225942272693,0.00032939616357907653,0.0001079639041563496,0.014880600102910061,0.018149274464261005,0.003268674361350943,0.011114711873233318,0.014130122028291225,0.003015410155057907,0.0030154110863804817,0.005675096996128559,-0.00265968544408679,0.008334781974554062,0.015997856855392456,0.019714655354619026,0.029162706807255745,0.015997856855392456,0.019714655354619026,0.029162706807255745,0.5648,0.4084,0.2454,1.4657342077255249,0.02036628029048443,0.7274406354064029,0.5861700453155348,0.011114711873233318,/content/drive/MyDrive/fault-tolerance-transformer/ExpB/models/base_transformer_regressor_best.pt
base_transformer_regressor,1,7,L1_H7,base_transformer_regressor_L1_H7,0.00022143225942272693,0.00032994174398481846,0.00010850948456209153,0.014880600102910061,0.018164298609767968,0.003283698506857906,0.011114711873233318,0.013872136361896992,0.0027574244886636734,0.0027574237901717424,0.0054651349782943726,-0.002707711886614561,0.008172847330570221,0.015198033303022385,0.017844308167696,0.02243286930024624,0.015198033303022385,0.017844308167696,0.02243286930024624,0.5707,0.4185,0.2516,2.5833705429077147,0.004407142991200089,0.73752453603554,0.6254304674576459,0.011114711873233318,/content/drive/MyDrive/fault-tolerance-transformer/ExpB/models/base_transformer_regressor_best.pt
base_transformer_regressor,2,0,L2_H0,base_transformer_regressor_L2_H0,0.00022143225942272693,0.00021836519590578973,-3.0670635169371963e-06,0.014880600102910061,0.014777184979074659,-0.0001034151238354028,0.011114711873233318,0.01110535766929388,-9.354203939437866e-06,-9.354296707897447e-06,0.000854418205562979,-0.0008637724677100778,0.0017181906150653958,0.0026093418709933758,0.0030825959984213114,0.004453957546502352,0.0026093418709933758,0.0030825959984213114,0.004453957546502352,0.3471,0.0061,0.0,2.969301753234863,0.0003869356960058212,0.958964633844265,0.9352932861675249,0.011114711873233318,/content/drive/MyDrive/fault-tolerance-transformer/ExpB/models/base_transformer_regressor_best.pt
base_transformer_regressor,2,1,L2_H1,base_transformer_regressor_L2_H1,0.00022143225942272693,0.00022114360763225704,-2.8865179046988487e-07,0.014880600102910061,0.014870898010283611,-9.702092626450234e-06,0.011114711873233318,0.01110617071390152,-8.541159331798553e-06,-8.54094196256483e-06,0.0007845059153623879,-0.0007930469000712037,0.0015775527572259307,0.002536528743803501,0.0034309730399399996,0.005408798810094595,0.002536528743803501,0.0034309730399399996,0.005408798810094595,0.2804,0.014,0.0,2.8270492820739745,0.00126071938239038,0.9623223296523464,0.9279805103308929,0.011114711873233318,/content/drive/MyDrive/fault-tolerance-transformer/ExpB/models/base_transformer_regressor_best.pt
base_transformer_regressor,2,2,L2_H2,base_transformer_regressor_L2_H2,0.00022143225942272693,0.00030528474599123,8.385248656850308e-05,0.014880600102910061,0.017472399548752026,0.0025917994458419646,0.011114711873233318,0.014023065567016602,0.0029083536937832832,0.0029083534609526396,0.005575676914304495,-0.002667323686182499,0.008243001066148281,0.011767304502427578,0.012277388013899326,0.013059381395578384,0.011767304502427578,0.012277388013899326,0.013059381395578384,0.6357,0.5447,0.2717,2.5630646209716796,0.004504012575745582,0.7322155096241116,0.7422855822714058,0.011114711873233318,/content/drive/MyDrive/fault-tolerance-transformer/ExpB/models/base_transformer_regressor_best.pt
base_transformer_regressor,2,3,L2_H3,base_transformer_regressor_L2_H3,0.00022143225942272693,0.00046348024625331163,0.0002420479868305847,0.014880600102910061,0.021528591367140387,0.006647991264230326,0.011114711873233318,0.016116447746753693,0.005001735873520374,0.005001736339181662,0.007460285909473896,-0.002458549803122878,0.009918835945427418,0.019594211131334305,0.026755981147289276,0.04015986621379852,0.019594211131334305,0.026755981147289276,0.04015986621379852,0.6188,0.4786,0.3099,2.2855841842651365,0.0054485866256058215,0.6417029015433751,0.43836570984605516,0.011114711873233318,/content/drive/MyDrive/fault-tolerance-transformer/ExpB/models/base_transformer_regressor_best.pt
base_transformer_regressor,2,4,L2_H4,base_transformer_regressor_L2_H4,0.00022143225942272693,0.00025590916629880667,3.447690687607974e-05,0.014880600102910061,0.015997161194999776,0.0011165610920897146,0.011114711873233318,0.011999634094536304,0.0008849222213029861,0.0008849233854562044,0.0030774527695029974,-0.0021925298497080803,0.005269982852041721,0.00849068071693182,0.009380524978041649,0.010982264764606953,0.00849068071693182,0.009380524978041649,0.010982264764606953,0.5114,0.3196,0.0276,2.6511734329223633,0.0024434477765113115,0.8521983726454812,0.8030935790277484,0.011114711873233318,/content/drive/MyDrive/fault-tolerance-transformer/ExpB/models/base_transformer_regressor_best.pt
base_transformer_regressor,2,5,L2_H5,base_transformer_regressor_L2_H5,0.00022143225942272693,0.00022486956731881946,3.437307896092534e-06,0.014880600102910061,0.014995651613678529,0.00011505151076846715,0.011114711873233318,0.011182564310729504,6.78524374961853e-05,6.785290315747261e-05,0.0009249104768969119,-0.0008570575737394392,0.0017819679342210293,0.0025062886998057365,0.0031664713751524687,0.005072656087577343,0.0025062886998057365,0.0031664713751524687,0.005072656087577343,0.4021,0.0105,0.0,2.5974717166900634,0.0032199215605854987,0.9555790831309217,0.9335326597336642,0.011114711873233318,/content/drive/MyDrive/fault-tolerance-transformer/ExpB/models/base_transformer_regressor_best.pt
base_transformer_regressor,2,6,L2_H6,base_transformer_regressor_L2_H6,0.00022143225942272693,0.0002325685927644372,1.113633334171027e-05,0.014880600102910061,0.015250199761460083,0.0003695996585500218,0.011114711873233318,0.011664306744933128,0.00054959487169981,0.0005495958612300456,0.0020658313296735287,-0.0015162354102358222,0.003582066623494029,0.006024425849318504,0.006983316969126463,0.008380712941288948,0.006024425849318504,0.006983316969126463,0.008380712941288948,0.4786,0.1671,0.0001,2.6494680961608887,0.0027392823800444603,0.9007837795622748,0.8534133266395767,0.011114711873233318,/content/drive/MyDrive/fault-tolerance-transformer/ExpB/models/base_transformer_regressor_best.pt
base_transformer_regressor,2,7,L2_H7,base_transformer_regressor_L2_H7,0.00022143225942272693,0.00034486985532566905,0.00012343759590294212,0.014880600102910061,0.01857067191368339,0.0036900718107733283,0.011114711873233318,0.014343811199069023,0.003229099325835705,0.0032290988601744175,0.005481107626110315,-0.002252008765935898,0.0077331168577075005,0.01557109784334898,0.018909400328993797,0.02539830654859543,0.01557109784334898,0.018909400328993797,0.02539830654859543,0.5806,0.4069,0.2254,1.8559688747406007,0.013459710954129695,0.7367574135101347,0.6030731382060657,0.011114711873233318,/content/drive/MyDrive/fault-tolerance-transformer/ExpB/models/base_transformer_regressor_best.pt
base_transformer_regressor,3,0,L3_H0,base_transformer_regressor_L3_H0,0.00022143225942272693,0.0004332677344791591,0.0002118354750564322,0.014880600102910061,0.02081508430151459,0.005934484198604527,0.011114711873233318,0.017135538160800934,0.0060208262875676155,0.0060208262875676155,0.008007784374058247,-0.0019869583193212748,0.009994743391871452,0.021158616989850998,0.022454705089330673,0.023988889530301094,0.021158616989850998,0.022454705089330673,0.023988889530301094,0.6505,0.5118,0.37,2.272852194595337,0.005848977912217379,0.6154080498915213,0.5286537135738678,0.011114711873233318,/content/drive/MyDrive/fault-tolerance-transformer/ExpB/models/base_transformer_regressor_best.pt
base_transformer_regressor,3,1,L3_H1,base_transformer_regressor_L3_H1,0.00022143225942272693,0.00022836549032945186,6.93323090672493e-06,0.014880600102910061,0.015111766618415328,0.0002311665155052666,0.011114711873233318,0.011386027559638023,0.00027131568640470505,0.0002713168505579233,0.001858520321547985,-0.00158720335457474,0.003445723792538047,0.005684875417500734,0.007805590983480215,0.012530189007520676,0.005684875417500734,0.007805590983480215,0.012530189007520676,0.4225,0.125,0.0266,2.774905480957031,0.002136031275242567,0.9107403594562401,0.8361529884811162,0.011114711873233318,/content/drive/MyDrive/fault-tolerance-transformer/ExpB/models/base_transformer_regressor_best.pt
base_transformer_regressor,3,2,L3_H2,base_transformer_regressor_L3_H2,0.00022143225942272693,0.0002812563325278461,5.982407310511917e-05,0.014880600102910061,0.01677069862968881,0.0018900985267787471,0.011114711873233318,0.01272115670144558,0.0016064448282122612,0.0016064440133050084,0.004061353858560324,-0.002454909961670637,0.006516264285892248,0.01114729419350624,0.013155492953956127,0.016318637877702713,0.01114729419350624,0.013155492953956127,0.016318637877702713,0.552,0.3732,0.1389,2.445818595123291,0.006472734765708446,0.8049442982500383,0.7238532982159418,0.011114711873233318,/content/drive/MyDrive/fault-tolerance-transformer/ExpB/models/base_transformer_regressor_best.pt
base_transformer_regressor,3,3,L3_H3,base_transformer_regressor_L3_H3,0.00022143225942272693,0.0002319457271369174,1.0513467714190483e-05,0.014880600102910061,0.015229764513508322,0.000349164410598261,0.011114711873233318,0.011383013799786568,0.00026830192655324936,0.0002683026250451803,0.0013973823515698314,-0.0011290798429399729,0.0025264620780944824,0.004236450418829918,0.005770837422460318,0.007908749394118786,0.004236450418829918,0.005770837422460318,0.007908749394118786,0.408,0.0735,0.0,2.162500872039795,0.01060836714208126,0.9328875530941583,0.8788644616874501,0.011114711873233318,/content/drive/MyDrive/fault-tolerance-transformer/ExpB/models/base_transformer_regressor_best.pt
base_transformer_regressor,3,4,L3_H4,base_transformer_regressor_L3_H4,0.00022143225942272693,0.00029061982058919966,6.918756116647273e-05,0.014880600102910061,0.01704757521142522,0.0021669751085151585,0.011114711873233318,0.013523292727768421,0.002408580854535103,0.0024085810873657465,0.004795166198164225,-0.0023865848779678345,0.007181751076132059,0.013936287723481655,0.016784464940428734,0.02000538259744644,0.013936287723481655,0.016784464940428734,0.02000538259744644,0.562,0.3858,0.1996,2.6719575729370115,0.003487502109259367,0.7697013014960055,0.6476776164350633,0.011114711873233318,/content/drive/MyDrive/fault-tolerance-transformer/ExpB/models/base_transformer_regressor_best.pt
base_transformer_regressor,3,5,L3_H5,base_transformer_regressor_L3_H5,0.00022143225942272693,0.001164046349003911,0.0009426140895811841,0.014880600102910061,0.034118123468384234,0.01923752336547417,0.011114711873233318,0.02976643666625023,0.01865172479301691,0.018651723861694336,0.020821508020162582,-0.002169787185266614,0.022991297766566277,0.04176778718829155,0.04763950780034065,0.053063128143548965,0.04176778718829155,0.04763950780034065,0.053063128143548965,0.8116,0.7604,0.6944,2.3963543968200685,0.006428360793739557,4.802724884456211e-11,2.0990986726587835e-11,0.011114711873233318,/content/drive/MyDrive/fault-tolerance-transformer/ExpB/models/base_transformer_regressor_best.pt
base_transformer_regressor,3,6,L3_H6,base_transformer_regressor_L3_H6,0.00022143225942272693,0.0003276596253272146,0.00010622736590448767,0.014880600102910061,0.018101370813483012,0.0032207707105729507,0.011114711873233318,0.014352844096720219,0.0032381322234869003,0.0032381329219788313,0.005385859869420528,-0.0021477274131029844,0.0075335875153541565,0.01338525302708149,0.015257262624800205,0.018494604155421257,0.01338525302708149,0.015257262624800205,0.018494604155421257,0.6119,0.4612,0.246,2.9191014614105226,0.000815947549790144,0.7413319023796718,0.6797350911259659,0.011114711873233318,/content/drive/MyDrive/fault-tolerance-transformer/ExpB/models/base_transformer_regressor_best.pt
base_transformer_regressor,3,7,L3_H7,base_transformer_regressor_L3_H7,0.00022143225942272693,0.00024933565873652697,2.7903399313800037e-05,0.014880600102910061,0.01579036601021417,0.0009097659073041085,0.011114711873233318,0.011951322667300701,0.0008366107940673828,0.000836611376143992,0.001864824676886201,-0.001028213300742209,0.002893037861213088,0.0058956751599907875,0.0072985803708434105,0.00894033070653677,0.0058956751599907875,0.0072985803708434105,0.00894033070653677,0.452,0.1406,0.0013,2.9300163414001466,0.0006967337372712791,0.9104375785370191,0.846795638584704,0.011114711873233318,/content/drive/MyDrive/fault-tolerance-transformer/ExpB/models/base_transformer_regressor_best.pt
