layer,head,head_name,mean_cumulative_attention,max_cumulative_attention
0,0,L0_H0,1.0,53.646995544433594
0,1,L0_H1,1.0,44.476219177246094
0,2,L0_H2,1.0,52.613304138183594
0,3,L0_H3,1.0,62.048580169677734
0,4,L0_H4,1.0,60.12287902832031
0,5,L0_H5,1.0,59.49457550048828
0,6,L0_H6,1.0,62.19293212890625
0,7,L0_H7,1.0,63.6766242980957
1,0,L1_H0,1.0,37.91804885864258
1,1,L1_H1,1.0,15.058042526245117
1,2,L1_H2,1.0,17.801973342895508
1,3,L1_H3,1.0,18.536630630493164
1,4,L1_H4,1.0,21.054725646972656
1,5,L1_H5,1.0,22.199983596801758
1,6,L1_H6,1.0,9.319009780883789
1,7,L1_H7,1.0,18.53464126586914
2,0,L2_H0,1.0,31.4201717376709
2,1,L2_H1,1.0,47.6832275390625
2,2,L2_H2,1.0,14.525008201599121
2,3,L2_H3,1.0,26.709766387939453
2,4,L2_H4,1.0,41.0130729675293
2,5,L2_H5,1.0,30.766279220581055
2,6,L2_H6,1.0,21.36890983581543
2,7,L2_H7,1.0,26.40485191345215
3,0,L3_H0,1.0,28.52825164794922
3,1,L3_H1,1.0,56.10411071777344
3,2,L3_H2,1.0,40.95708465576172
3,3,L3_H3,1.0,32.89630126953125
3,4,L3_H4,1.0,36.536251068115234
3,5,L3_H5,1.0,22.618579864501953
3,6,L3_H6,1.0,34.59229278564453
3,7,L3_H7,1.0,45.54217529296875
