model,matrix,method,var1,var2,correlation
base_transformer_cifar10,degradation_matrix,pearson,D_mean,D_mean,1.0
base_transformer_cifar10,degradation_matrix,pearson,D_mean,N_fail,0.9849037869368662
base_transformer_cifar10,degradation_matrix,pearson,D_mean,W_fail,0.9898186375024893
base_transformer_cifar10,degradation_matrix,pearson,D_mean,W_fail_mean,0.05987248878236551
base_transformer_cifar10,degradation_matrix,pearson,N_fail,D_mean,0.9849037869368662
base_transformer_cifar10,degradation_matrix,pearson,N_fail,N_fail,1.0
base_transformer_cifar10,degradation_matrix,pearson,N_fail,W_fail,0.996478015881012
base_transformer_cifar10,degradation_matrix,pearson,N_fail,W_fail_mean,-0.0037261704551693137
base_transformer_cifar10,degradation_matrix,pearson,W_fail,D_mean,0.9898186375024893
base_transformer_cifar10,degradation_matrix,pearson,W_fail,N_fail,0.996478015881012
base_transformer_cifar10,degradation_matrix,pearson,W_fail,W_fail,1.0
base_transformer_cifar10,degradation_matrix,pearson,W_fail,W_fail_mean,0.05263803490824133
base_transformer_cifar10,degradation_matrix,pearson,W_fail_mean,D_mean,0.05987248878236551
base_transformer_cifar10,degradation_matrix,pearson,W_fail_mean,N_fail,-0.0037261704551693137
base_transformer_cifar10,degradation_matrix,pearson,W_fail_mean,W_fail,0.05263803490824133
base_transformer_cifar10,degradation_matrix,pearson,W_fail_mean,W_fail_mean,1.0
base_transformer_cifar10,degradation_matrix,spearman,D_mean,D_mean,1.0
base_transformer_cifar10,degradation_matrix,spearman,D_mean,N_fail,0.9899633384679131
base_transformer_cifar10,degradation_matrix,spearman,D_mean,W_fail,0.9950067783360531
base_transformer_cifar10,degradation_matrix,spearman,D_mean,W_fail_mean,0.10968190516919622
base_transformer_cifar10,degradation_matrix,spearman,N_fail,D_mean,0.9899633384679131
base_transformer_cifar10,degradation_matrix,spearman,N_fail,N_fail,1.0
base_transformer_cifar10,degradation_matrix,spearman,N_fail,W_fail,0.9964655803485235
base_transformer_cifar10,degradation_matrix,spearman,N_fail,W_fail_mean,0.015536832796105474
base_transformer_cifar10,degradation_matrix,spearman,W_fail,D_mean,0.9950067783360531
base_transformer_cifar10,degradation_matrix,spearman,W_fail,N_fail,0.9964655803485235
base_transformer_cifar10,degradation_matrix,spearman,W_fail,W_fail,1.0
base_transformer_cifar10,degradation_matrix,spearman,W_fail,W_fail_mean,0.08972185448013154
base_transformer_cifar10,degradation_matrix,spearman,W_fail_mean,D_mean,0.10968190516919622
base_transformer_cifar10,degradation_matrix,spearman,W_fail_mean,N_fail,0.015536832796105474
base_transformer_cifar10,degradation_matrix,spearman,W_fail_mean,W_fail,0.08972185448013154
base_transformer_cifar10,degradation_matrix,spearman,W_fail_mean,W_fail_mean,1.0
base_transformer_cifar10,degradation_matrix,kendall,D_mean,D_mean,1.0
base_transformer_cifar10,degradation_matrix,kendall,D_mean,N_fail,0.9225813481574333
base_transformer_cifar10,degradation_matrix,kendall,D_mean,W_fail,0.93808334861579
base_transformer_cifar10,degradation_matrix,kendall,D_mean,W_fail_mean,0.07308280190284938
base_transformer_cifar10,degradation_matrix,kendall,N_fail,D_mean,0.9225813481574333
base_transformer_cifar10,degradation_matrix,kendall,N_fail,N_fail,1.0
base_transformer_cifar10,degradation_matrix,kendall,N_fail,W_fail,0.9578591127667359
base_transformer_cifar10,degradation_matrix,kendall,N_fail,W_fail_mean,0.009383052805389324
base_transformer_cifar10,degradation_matrix,kendall,W_fail,D_mean,0.93808334861579
base_transformer_cifar10,degradation_matrix,kendall,W_fail,N_fail,0.9578591127667359
base_transformer_cifar10,degradation_matrix,kendall,W_fail,W_fail,1.0
base_transformer_cifar10,degradation_matrix,kendall,W_fail,W_fail_mean,0.06597471233677382
base_transformer_cifar10,degradation_matrix,kendall,W_fail_mean,D_mean,0.07308280190284938
base_transformer_cifar10,degradation_matrix,kendall,W_fail_mean,N_fail,0.009383052805389324
base_transformer_cifar10,degradation_matrix,kendall,W_fail_mean,W_fail,0.06597471233677382
base_transformer_cifar10,degradation_matrix,kendall,W_fail_mean,W_fail_mean,1.0
base_transformer_cifar10,tail_risk_matrix,pearson,D_pos_q95,D_pos_q95,1.0
base_transformer_cifar10,tail_risk_matrix,pearson,D_pos_q95,N_fail,0.8477232663029579
base_transformer_cifar10,tail_risk_matrix,pearson,D_pos_q95,W_fail_mean,0.14638905617557305
base_transformer_cifar10,tail_risk_matrix,pearson,N_fail,D_pos_q95,0.8477232663029579
base_transformer_cifar10,tail_risk_matrix,pearson,N_fail,N_fail,1.0
base_transformer_cifar10,tail_risk_matrix,pearson,N_fail,W_fail_mean,-0.0037261704551693137
base_transformer_cifar10,tail_risk_matrix,pearson,W_fail_mean,D_pos_q95,0.14638905617557305
base_transformer_cifar10,tail_risk_matrix,pearson,W_fail_mean,N_fail,-0.0037261704551693137
base_transformer_cifar10,tail_risk_matrix,pearson,W_fail_mean,W_fail_mean,1.0
base_transformer_cifar10,tail_risk_matrix,spearman,D_pos_q95,D_pos_q95,1.0
base_transformer_cifar10,tail_risk_matrix,spearman,D_pos_q95,N_fail,0.9696674323517125
base_transformer_cifar10,tail_risk_matrix,spearman,D_pos_q95,W_fail_mean,0.1261547598893451
base_transformer_cifar10,tail_risk_matrix,spearman,N_fail,D_pos_q95,0.9696674323517125
base_transformer_cifar10,tail_risk_matrix,spearman,N_fail,N_fail,1.0
base_transformer_cifar10,tail_risk_matrix,spearman,N_fail,W_fail_mean,0.015536832796105474
base_transformer_cifar10,tail_risk_matrix,spearman,W_fail_mean,D_pos_q95,0.1261547598893451
base_transformer_cifar10,tail_risk_matrix,spearman,W_fail_mean,N_fail,0.015536832796105474
base_transformer_cifar10,tail_risk_matrix,spearman,W_fail_mean,W_fail_mean,1.0
base_transformer_cifar10,tail_risk_matrix,kendall,D_pos_q95,D_pos_q95,1.0
base_transformer_cifar10,tail_risk_matrix,kendall,D_pos_q95,N_fail,0.8626665025590305
base_transformer_cifar10,tail_risk_matrix,kendall,D_pos_q95,W_fail_mean,0.08870521900617663
base_transformer_cifar10,tail_risk_matrix,kendall,N_fail,D_pos_q95,0.8626665025590305
base_transformer_cifar10,tail_risk_matrix,kendall,N_fail,N_fail,1.0
base_transformer_cifar10,tail_risk_matrix,kendall,N_fail,W_fail_mean,0.009383052805389324
base_transformer_cifar10,tail_risk_matrix,kendall,W_fail_mean,D_pos_q95,0.08870521900617663
base_transformer_cifar10,tail_risk_matrix,kendall,W_fail_mean,N_fail,0.009383052805389324
base_transformer_cifar10,tail_risk_matrix,kendall,W_fail_mean,W_fail_mean,1.0
