epoch,train_loss,secs,val_accuracy,val_precision,val_recall,val_f1,val_roc_auc
1,1.8254443174362183,28.561336040496826,0.493,0.5160036471863021,0.4921830889568556,0.4882778042160454,0.8927349391787536
2,1.5524558713065253,25.733553409576416,0.5554,0.5805610082293086,0.5552812167953213,0.5513392067070482,0.9186136428026638
3,1.4577301020304363,26.252071380615234,0.5866,0.5974925441258514,0.5870557306186746,0.5828867233815325,0.9258167210549054
4,1.4048551259358724,26.769729375839233,0.6006,0.6303274001529239,0.6006619219779205,0.5988225446458108,0.9320674412036374
5,1.3596159954918756,27.41113781929016,0.6434,0.643882943562972,0.6432475250197288,0.6384721762125702,0.939228350257441
6,1.317597097354465,27.434923887252808,0.6368,0.6603252231012343,0.6369878861973832,0.6363988219674855,0.9444766192265572
7,1.286668122990926,27.206043004989624,0.6648,0.6700969122076197,0.6665913948413782,0.6596763378297564,0.9479450961436008
8,1.2563140090094673,27.328540325164795,0.6732,0.6740020408726732,0.6729386859576665,0.666612085587842,0.95038224051986
9,1.2252656942155626,27.528486490249634,0.6834,0.6991789017217694,0.6833636344512328,0.685708832978571,0.9540682182958993
10,1.2016719140370686,27.336116552352905,0.7006,0.7057579397338863,0.6999184129601286,0.700455258681805,0.9567146532441599
11,1.17745107805464,27.334632873535156,0.7114,0.7106765830007198,0.7104460323248311,0.7071090091265981,0.9604906895269814
12,1.1516028118981256,27.324949264526367,0.7244,0.7269428689941992,0.7230638150800821,0.7228853794788043,0.9623850437812465
13,1.1290427536434597,27.2902410030365,0.7206,0.7249813002341072,0.719030535436677,0.7189015045025602,0.9629428241487101
14,1.1082706772910225,27.498939514160156,0.7252,0.7357746977130624,0.7233262070854476,0.7218311365578375,0.9668133423325168
15,1.0844706626468235,27.40609836578369,0.7308,0.7310631487654637,0.7281747903250403,0.7268011252028322,0.9666120684371174
16,1.0609253053877088,27.311752319335938,0.737,0.7388536172432352,0.7342711169472914,0.7333571261130676,0.9666619558926873
17,1.0403674485736423,27.527661085128784,0.7474,0.7582782884444521,0.7444707063840357,0.7448164984168815,0.9692581413253437
18,1.0229660353978476,27.37858271598816,0.75,0.7580544619660529,0.7488369665942175,0.7487856273964821,0.9721249069821075
19,0.9992538074917263,27.333316326141357,0.76,0.7648132761015002,0.7590703848172135,0.7566351845176231,0.9714628815994761
20,0.9840629790623983,27.33117938041687,0.7716,0.7715371955047057,0.7714028482035844,0.7690490053599707,0.9735356561971933
21,0.9547998140335083,27.44108009338379,0.7704,0.778029126485395,0.7703324572880949,0.770585440010082,0.9743943455257661
22,0.9404191671689351,27.338239908218384,0.7738,0.777007225163551,0.7728296309934098,0.7718025228428174,0.9733487867413444
23,0.9142045622507731,27.293165922164917,0.7776,0.774971409187807,0.7758140192438928,0.7708050324093132,0.975167117239185
24,0.9026098382949829,27.458123207092285,0.7912,0.792377679631733,0.7905408578837958,0.7897612077059096,0.9770745443254855
25,0.8810345288170709,27.46427869796753,0.7928,0.7925175797753269,0.7915135561171913,0.7905617585739689,0.9770997936220182
26,0.8668461987283494,27.45458459854126,0.7924,0.7967755933897676,0.7914465615294148,0.7919600052658707,0.9768676924207342
27,0.8460938108444214,27.31526231765747,0.796,0.798666179686482,0.794768319622621,0.7941451844935012,0.9771265224130138
28,0.8313536487155491,27.542410373687744,0.794,0.7947972445527312,0.7928215507036924,0.7919393538383905,0.9770105668626357
29,0.8134036011166043,27.31407904624939,0.8078,0.8071817208750304,0.806776171764571,0.8055282079029057,0.9780265313190066
30,0.7975792339748806,27.693873405456543,0.8044,0.8066125525717786,0.8032294177529875,0.802599299270882,0.9774466105802496
31,0.7910406543519762,27.571755409240723,0.8036,0.8059973857736477,0.8028136674080724,0.8025920227831922,0.9782619529793456
32,0.7739905511220296,27.962465047836304,0.8062,0.8056705469935339,0.8052264079699955,0.804419769010377,0.9780712969220351
33,0.7627317201402453,27.71460270881653,0.8116,0.8122684406659166,0.8102700024323225,0.8099243209695015,0.9784216076501389
34,0.7539173083623251,27.79395365715027,0.8122,0.811319313498737,0.8113328321595441,0.8101149842879174,0.9781651090620773
35,0.7474145477718777,27.403359174728394,0.8104,0.811095763370281,0.8094853245446201,0.8085982407274456,0.9779886105566016
36,0.7391679164250692,27.424545526504517,0.8094,0.8098592316133433,0.808537432973697,0.8073599885925928,0.9777283991843534
37,0.7359704063415528,27.60209059715271,0.8168,0.8163490818944616,0.8158222822463882,0.8147816730134396,0.9784271500667379
38,0.7316008071899414,27.564030647277832,0.817,0.8157779435314125,0.8158312032357063,0.8148170936233633,0.9783931964861203
39,0.729271856127845,27.454941034317017,0.8158,0.8151403583357254,0.8149393062786772,0.8139528955337643,0.9782423965512439
40,0.7260444256888495,27.423123836517334,0.8148,0.8140733723022123,0.8139155671868584,0.8128880754930167,0.9782090210597005
