model,pair,x,y,family,theta,loglik,aic,n,at_bound,lambda_L,lambda_U,cvm
base_transformer_agnews,N_fail vs D_mean,N_fail,D_mean,gumbel,12.313699191860685,20705.560865911262,-41409.121731822524,10000,False,0.0,0.9420947906856132,1.0695468811172015
base_transformer_agnews,N_fail vs D_mean,N_fail,D_mean,survival_clayton,17.828674180435947,19597.097130845985,-39192.19426169197,10000,False,0.0,0.9618678348556189,1.9251555716491482
base_transformer_agnews,N_fail vs D_mean,N_fail,D_mean,frank,23.61549652599405,17306.325647521287,-34610.651295042575,10000,False,0.0,0.0,4.361433652606644
base_transformer_agnews,N_fail vs D_mean,N_fail,D_mean,survival_gumbel,8.944124985027475,16865.449381622937,-33728.898763245874,10000,False,0.9194204865681865,0.0,2.402542638648466
base_transformer_agnews,N_fail vs D_mean,N_fail,D_mean,clayton,9.08180076518281,13111.516952431202,-26221.033904862405,10000,False,0.9265172094481202,0.0,8.651116357525744
base_transformer_agnews,W_fail vs D_mean,W_fail,D_mean,gumbel,13.392035421864444,21353.293899032185,-42704.58779806437,10000,False,0.0,0.9468789696902238,0.199822138782155
base_transformer_agnews,W_fail vs D_mean,W_fail,D_mean,survival_clayton,18.4807842359984,19594.293129291276,-39186.58625858255,10000,False,0.0,0.9631882796321591,0.8154739519713665
base_transformer_agnews,W_fail vs D_mean,W_fail,D_mean,survival_gumbel,10.031791069374044,17882.111216476664,-35762.22243295333,10000,False,0.9284619379853898,0.0,0.8137435431177004
base_transformer_agnews,W_fail vs D_mean,W_fail,D_mean,frank,23.649484362744428,17797.24068969494,-35592.48137938988,10000,False,0.0,0.0,2.5656673012676725
base_transformer_agnews,W_fail vs D_mean,W_fail,D_mean,clayton,10.273055933211767,13958.767967191387,-27915.535934382773,10000,False,0.9347535702835145,0.0,5.002558153975417
base_transformer_agnews,W_fail_mean vs D_mean,W_fail_mean,D_mean,clayton,0.39585094091225964,530.3576475262245,-1058.715295052449,10000,False,0.17359491358802479,0.0,12.225323362377278
base_transformer_agnews,W_fail_mean vs D_mean,W_fail_mean,D_mean,survival_gumbel,1.1525655717985597,400.7730766321253,-799.5461532642506,10000,False,0.17533755664435224,0.0,12.645443916614681
base_transformer_agnews,W_fail_mean vs D_mean,W_fail_mean,D_mean,frank,0.5146215426570339,35.32917381070388,-68.65834762140776,10000,False,0.0,0.0,13.407287717196319
base_transformer_agnews,W_fail_mean vs D_mean,W_fail_mean,D_mean,gumbel,1.0010005204357209,-0.8869138242076858,3.773827648415372,10000,True,0.0,0.0013851496061665358,14.201645338039661
base_transformer_agnews,W_fail_mean vs D_mean,W_fail_mean,D_mean,survival_clayton,0.010000555179953926,-14.326312511131785,30.65262502226357,10000,True,0.0,7.919022903024423e-31,14.197993267833644
