matrix,method,var1,var2,correlation
Mean degradation,pearson,D_mean,D_mean,1.0
Mean degradation,pearson,D_mean,N_fail,0.889606014747984
Mean degradation,pearson,D_mean,W_fail,0.891518594436649
Mean degradation,pearson,D_mean,W_fail_mean,0.023992185510124067
Mean degradation,pearson,N_fail,D_mean,0.889606014747984
Mean degradation,pearson,N_fail,N_fail,1.0
Mean degradation,pearson,N_fail,W_fail,0.9982787018998447
Mean degradation,pearson,N_fail,W_fail_mean,-0.0031635803839208053
Mean degradation,pearson,W_fail,D_mean,0.891518594436649
Mean degradation,pearson,W_fail,N_fail,0.9982787018998447
Mean degradation,pearson,W_fail,W_fail,1.0
Mean degradation,pearson,W_fail,W_fail_mean,0.03648639480678491
Mean degradation,pearson,W_fail_mean,D_mean,0.023992185510124067
Mean degradation,pearson,W_fail_mean,N_fail,-0.0031635803839208053
Mean degradation,pearson,W_fail_mean,W_fail,0.03648639480678491
Mean degradation,pearson,W_fail_mean,W_fail_mean,1.0
Mean degradation,spearman,D_mean,D_mean,1.0
Mean degradation,spearman,D_mean,N_fail,0.9937426327960196
Mean degradation,spearman,D_mean,W_fail,0.9960301935475006
Mean degradation,spearman,D_mean,W_fail_mean,0.08241704227196807
Mean degradation,spearman,N_fail,D_mean,0.9937426327960196
Mean degradation,spearman,N_fail,N_fail,1.0
Mean degradation,spearman,N_fail,W_fail,0.9982610658017178
Mean degradation,spearman,N_fail,W_fail_mean,0.02022978341376899
Mean degradation,spearman,W_fail,D_mean,0.9960301935475006
Mean degradation,spearman,W_fail,N_fail,0.9982610658017178
Mean degradation,spearman,W_fail,W_fail,1.0
Mean degradation,spearman,W_fail,W_fail_mean,0.07226890936883847
Mean degradation,spearman,W_fail_mean,D_mean,0.08241704227196807
Mean degradation,spearman,W_fail_mean,N_fail,0.02022978341376899
Mean degradation,spearman,W_fail_mean,W_fail,0.07226890936883847
Mean degradation,spearman,W_fail_mean,W_fail_mean,1.0
Mean degradation,kendall,D_mean,D_mean,1.0
Mean degradation,kendall,D_mean,N_fail,0.940942091395705
Mean degradation,kendall,D_mean,W_fail,0.9435990786037841
Mean degradation,kendall,D_mean,W_fail_mean,0.05730226444009677
Mean degradation,kendall,N_fail,D_mean,0.940942091395705
Mean degradation,kendall,N_fail,N_fail,1.0
Mean degradation,kendall,N_fail,W_fail,0.9720220238812224
Mean degradation,kendall,N_fail,W_fail_mean,0.014718850705805806
Mean degradation,kendall,W_fail,D_mean,0.9435990786037841
Mean degradation,kendall,W_fail,N_fail,0.9720220238812224
Mean degradation,kendall,W_fail,W_fail,1.0
Mean degradation,kendall,W_fail,W_fail_mean,0.05727556822207221
Mean degradation,kendall,W_fail_mean,D_mean,0.05730226444009677
Mean degradation,kendall,W_fail_mean,N_fail,0.014718850705805806
Mean degradation,kendall,W_fail_mean,W_fail,0.05727556822207221
Mean degradation,kendall,W_fail_mean,W_fail_mean,1.0
Tail risk,pearson,D_pos_q95,D_pos_q95,1.0
Tail risk,pearson,D_pos_q95,N_fail,0.9826492586310607
Tail risk,pearson,D_pos_q95,W_fail_mean,0.04274701166577274
Tail risk,pearson,N_fail,D_pos_q95,0.9826492586310607
Tail risk,pearson,N_fail,N_fail,1.0
Tail risk,pearson,N_fail,W_fail_mean,-0.0031635803839208053
Tail risk,pearson,W_fail_mean,D_pos_q95,0.04274701166577274
Tail risk,pearson,W_fail_mean,N_fail,-0.0031635803839208053
Tail risk,pearson,W_fail_mean,W_fail_mean,1.0
Tail risk,spearman,D_pos_q95,D_pos_q95,1.0
Tail risk,spearman,D_pos_q95,N_fail,0.9841185592349029
Tail risk,spearman,D_pos_q95,W_fail_mean,0.07803046181255152
Tail risk,spearman,N_fail,D_pos_q95,0.9841185592349029
Tail risk,spearman,N_fail,N_fail,1.0
Tail risk,spearman,N_fail,W_fail_mean,0.02022978341376899
Tail risk,spearman,W_fail_mean,D_pos_q95,0.07803046181255152
Tail risk,spearman,W_fail_mean,N_fail,0.02022978341376899
Tail risk,spearman,W_fail_mean,W_fail_mean,1.0
Tail risk,kendall,D_pos_q95,D_pos_q95,1.0
Tail risk,kendall,D_pos_q95,N_fail,0.9026917199850218
Tail risk,kendall,D_pos_q95,W_fail_mean,0.054978839843261684
Tail risk,kendall,N_fail,D_pos_q95,0.9026917199850218
Tail risk,kendall,N_fail,N_fail,1.0
Tail risk,kendall,N_fail,W_fail_mean,0.014718850705805806
Tail risk,kendall,W_fail_mean,D_pos_q95,0.054978839843261684
Tail risk,kendall,W_fail_mean,N_fail,0.014718850705805806
Tail risk,kendall,W_fail_mean,W_fail_mean,1.0
