head_name,layer,head,criticality,redundancy,severity_weight
L0_H0,0,0,0.0082349283620715,0.1852042600397474,1.166978300660673
L0_H1,0,1,0.0077856215648353,0.2296604165752916,1.103306674186184
L0_H2,0,2,0.0054243681952357,0.4632919798294205,0.7686915660115881
L0_H3,0,3,0.0095371268689632,0.0563596909861949,1.3515138951285657
L0_H4,0,4,0.0062116193585097,0.3853982974667617,0.8802535595490262
L0_H5,0,5,0.0074411891400814,0.2637398960867644,1.0544968791206883
L0_H6,0,6,0.008292244747281,0.1795331546645304,1.175100651562951
L0_H7,0,7,0.0059070088900625,0.4155376382266912,0.8370869658395753
L1_H0,1,0,0.0057753082364797,0.4285686115115956,0.8184235606274737
L1_H1,1,1,0.0061515900306403,0.3913378319071526,0.8717467553672797
L1_H2,1,2,0.0090776775032281,0.1018193925729846,1.286404957140155
L1_H3,1,3,0.0067190215922892,0.3351939531965709,0.9521579369149028
L1_H4,1,4,0.0101067395880818,9.894396413301364e-11,1.4322341702500008
L1_H5,1,5,0.0044670421630144,0.5580135291266343,0.6330281264356754
L1_H6,1,6,0.0069623310118913,0.3111199758809785,0.986637509843529
L1_H7,1,7,0.0090656811371445,0.1030063595446657,1.284704942484187
L2_H0,2,0,0.0050034578889608,0.5049384774526099,0.7090440290385189
L2_H1,2,1,0.0091103203594684,0.0985895818162559,1.2910308024698405
L2_H2,2,2,0.0063015860505402,0.3764966441454849,0.8930028116087397
L2_H3,2,3,0.0044264001771807,0.5620348047789276,0.6272687180378965
L2_H4,2,4,0.0084016742184758,0.168705778513179,1.190607989662601
L2_H5,2,5,0.0084364935755729,0.1652606163231129,1.1955422686737551
L2_H6,2,6,0.0063638305291533,0.3703379341021016,0.901823526578408
L2_H7,2,7,0.0066330940462648,0.3436959577517441,0.9399810754741578
L3_H0,3,0,0.0098808715119957,0.0223482632648461,1.400226224094889
L3_H1,3,1,0.0055673201568424,0.4491477585059414,0.7889494031046578
L3_H2,3,2,0.0064097847789525,0.3657910424567587,0.9083357401619364
L3_H3,3,3,0.0060767605900764,0.3987417468793712,0.8611426153493935
L3_H4,3,4,0.0039790291339159,0.6062994303113945,0.5638714088107041
L3_H5,3,5,0.0074314810335636,0.2647004537851422,1.053121135562439
L3_H6,3,6,0.0077316504903137,0.2350005239408604,1.0956583899436558
L3_H7,3,7,0.0068987500853836,0.3174109192606217,0.9776274057712048
