n_fail_max,n_crit_fail_max,n_configs,required_tau,median_y,max_y
1,0,255,0.01020232681185,0.0069973934441804,0.0104914680123329
1,1,295,0.0112476963549852,0.0076304883696138,0.0115977451205253
1,2,295,0.0112476963549852,0.0076304883696138,0.0115977451205253
1,3,295,0.0112476963549852,0.0076304883696138,0.0115977451205253
1,4,295,0.0112476963549852,0.0076304883696138,0.0115977451205253
2,0,495,0.0142384534701704,0.0095084328204393,0.017075115814805
2,1,605,0.015624597854912239,0.01020232681185,0.0193895678967237
2,2,612,0.015922779124230114,0.01021517068147655,0.0193895678967237
2,3,612,0.015922779124230114,0.01021517068147655,0.0193895678967237
2,4,612,0.015922779124230114,0.01021517068147655,0.0193895678967237
3,0,708,0.017440714966505722,0.010965875815600101,0.02143195271492
3,1,915,0.01949470657855265,0.0120756244286894,0.0241619739681482
3,2,935,0.019874731823801926,0.0122815854847431,0.0241619739681482
3,3,935,0.019874731823801926,0.0122815854847431,0.0241619739681482
3,4,935,0.019874731823801926,0.0122815854847431,0.0241619739681482
4,0,864,0.02107251090928902,0.012410795316100051,0.0242009963840246
4,1,1193,0.02301026992499821,0.0141246132552623,0.0298521220684051
4,2,1226,0.0234095095656812,0.0142913344316184,0.0298521220684051
4,3,1228,0.02342868167906994,0.01430219598114485,0.0321568474173545
4,4,1228,0.02342868167906994,0.01430219598114485,0.0321568474173545
5,0,1010,0.02386267669498914,0.013680504169315051,0.0297724977135658
5,1,1456,0.02636312181130045,0.0158888734877109,0.0343826226890087
5,2,1528,0.027294072136282897,0.0163276763632893,0.0391808152198791
5,3,1530,0.02732249870896333,0.016353249549865702,0.0391808152198791
5,4,1530,0.02732249870896333,0.016353249549865702,0.0391808152198791
6,0,1127,0.02698092255741349,0.0145675903186202,0.0339355207979679
6,1,1694,0.030149737186729832,0.01743980217725035,0.0398396886885166
6,2,1805,0.031429486721754,0.0181674510240554,0.0408782586455345
6,3,1809,0.03150395229458802,0.0182065851986408,0.0408782586455345
6,4,1810,0.031516818702220895,0.01821393147110935,0.0408782586455345
7,0,1235,0.030891313776373837,0.0156278107315301,0.0377166420221328
7,1,1946,0.0341931795701384,0.019370270892977652,0.0452915653586387
7,2,2111,0.0356446448713541,0.0203000735491514,0.0453847274184227
7,3,2125,0.0359412930905818,0.0203403998166322,0.0470133572816848
7,4,2126,0.03595090005546803,0.0203562285751104,0.0470133572816848
8,0,1324,0.034023581817746125,0.016420979052782052,0.0438249371945858
8,1,2152,0.037890157662331996,0.020790746435523,0.0480772592127323
8,2,2375,0.039804735034704136,0.0219924915581941,0.054065253585577
8,3,2398,0.04008379373699419,0.022185490466654252,0.0542747303843498
8,4,2402,0.040153951570391595,0.022204573266208102,0.0542747303843498
9,0,1399,0.036947902292013154,0.017040304839611,0.0489241853356361
9,1,2379,0.04159218557178967,0.0223296787589788,0.0584436729550361
9,2,2679,0.04409905821084971,0.0240112319588661,0.0584436729550361
9,3,2717,0.044590622931718796,0.0242134016007184,0.0630597099661827
9,4,2723,0.0447698026895523,0.0242364667356014,0.0630597099661827
10,0,1459,0.040125022083520846,0.0176084712147712,0.0535806566476821
10,1,2591,0.046270679682493154,0.0237641520798206,0.0584436729550361
10,2,2981,0.0491697005927562,0.0262228716164827,0.0638554766774177
10,3,3036,0.05021045543253412,0.0265932865440845,0.0672981441020965
10,4,3043,0.05046717636287209,0.0266292877495288,0.0672981441020965
11,0,1514,0.04392660316079853,0.0183546375483274,0.0613724514842033
11,1,2780,0.051130376197397645,0.02515518944710485,0.068381942808628
11,2,3267,0.05435157231986517,0.0283232349902391,0.0709666162729263
11,3,3360,0.05639228299260134,0.0290602874010801,0.0725414305925369
11,4,3368,0.0564354825764894,0.029152920469641602,0.0725414305925369
12,0,1556,0.04794352687895295,0.01898434478789565,0.0645543113350868
12,1,2944,0.05525121949613089,0.0263925790786743,0.0772493407130241
12,2,3554,0.06022281795740119,0.030687172897159998,0.084753893315792
12,3,3679,0.06216681450605383,0.0316463485360145,0.084753893315792
12,4,3691,0.06244309991598125,0.0317148081958293,0.0935782641172409
13,0,1592,0.051582719571888404,0.019370270892977652,0.0693746507167816
13,1,3091,0.06022757664322845,0.0275135170668363,0.0794681310653686
13,2,3818,0.06572368592023843,0.03260370902717105,0.0857311263680458
13,3,4005,0.06832529008388517,0.0339355207979679,0.094162568449974
13,4,4022,0.06867452375590798,0.034056020900607054,0.094162568449974
14,0,1621,0.0543971396982669,0.0198412127792835,0.0809062123298645
14,1,3223,0.06467548087239262,0.0287582278251647,0.0893295407295227
14,2,4084,0.07158582061529156,0.034558467566966955,0.1143637970089912
14,3,4325,0.07521751672029497,0.0363003648817539,0.1143637970089912
14,4,4352,0.07573926635086534,0.03662755712866775,0.1143637970089912
15,0,1640,0.057168478146195335,0.02003351226449005,0.0809062123298645
15,1,3319,0.06923812404274933,0.0296852644532918,0.0955501273274421
15,2,4297,0.07813197970390316,0.0361547619104385,0.1192669197916984
15,3,4607,0.08229337856173506,0.0385228581726551,0.1192669197916984
15,4,4641,0.0827544257044792,0.0389223545789718,0.1192669197916984
16,0,1657,0.058986041694879435,0.0201829187572002,0.091322936117649
16,1,3415,0.07446462139487263,0.0306066665798425,0.1089541316032409
16,2,4525,0.08564694672822949,0.0379702150821685,0.1206934973597526
16,3,4916,0.09075011685490603,0.040874585509300204,0.1297352313995361
16,4,4964,0.09142476990818973,0.0411614347249269,0.1344351470470428
17,0,1669,0.060518334805965336,0.0203090514987707,0.0954288318753242
17,1,3500,0.08082056529819959,0.031330509111285196,0.1200991198420524
17,2,4735,0.0929870396852493,0.0396481789648532,0.1300630122423172
17,3,5221,0.1000481843948364,0.0434471741318702,0.1468899250030517
17,4,5285,0.10132393985986707,0.0439098812639713,0.1468899250030517
18,0,1679,0.06181769184768193,0.0204391628503799,0.1175863966345787
18,1,3570,0.08604835793375962,0.0318753086030483,0.1274645030498504
18,2,4937,0.10203355103731149,0.0411503240466117,0.1490523517131805
18,3,5507,0.11040128841996188,0.0458545759320259,0.1630260050296783
18,4,5589,0.11194949150085443,0.046623483300209,0.1630260050296783
19,0,1688,0.06255808267742388,0.02062304038554425,0.1175863966345787
19,1,3625,0.09085223078727718,0.0323323458433151,0.1406130045652389
19,2,5110,0.11056195124983784,0.042584845796227455,0.1715271323919296
19,3,5789,0.12148053944110865,0.0485510565340518,0.1764156073331833
19,4,5909,0.12460564672946926,0.0497076250612735,0.1775708347558975
20,0,1694,0.06387604065239426,0.020712290890514802,0.1200627610087394
20,1,3668,0.09542474038898939,0.032688716426491696,0.150457426905632
20,2,5260,0.11936492919921876,0.04393976181745525,0.1842323541641235
20,3,6052,0.13205016404390327,0.0509277563542127,0.1890915781259536
20,4,6215,0.13663464784622184,0.0521337129175663,0.2049552649259567
21,0,1696,0.06425583735108373,0.02072494290769095,0.1334184557199478
21,1,3701,0.100100539624691,0.0329545810818672,0.1729786992073059
21,2,5395,0.12864306271076204,0.0451280735433101,0.2000531554222107
21,3,6310,0.14640163928270333,0.05322989076375955,0.2512462437152862
21,4,6528,0.15306739136576647,0.05514747649431225,0.2512462437152862
22,0,1698,0.06482803151011449,0.020762464031577048,0.1553600579500198
22,1,3730,0.10428927093744265,0.0332035683095455,0.1943255960941314
22,2,5512,0.13911257535219188,0.0462950430810451,0.2149326801300048
22,3,6579,0.16385270655155168,0.0559927225112915,0.2512462437152862
22,4,6871,0.1745529249310493,0.0588627234101295,0.2512462437152862
23,0,1699,0.06586066260933869,0.020789835602045,0.1553600579500198
23,1,3751,0.1081410609185695,0.0333643443882465,0.1982942819595337
23,2,5619,0.15106617808341974,0.0473846495151519,0.2322812527418136
23,3,6825,0.18143467903137184,0.0586214996874332,0.2805960774421692
23,4,7203,0.19381722211837757,0.0618970617651939,0.2805960774421692
24,0,1699,0.06586066260933869,0.020789835602045,0.1553600579500198
24,1,3761,0.11038538813591,0.0335014052689075,0.2378532141447067
24,2,5702,0.16124873533844938,0.04805401153862475,0.2539670169353485
24,3,7047,0.19836035072803493,0.0605012662708759,0.3156042695045471
24,4,7523,0.21769197285175318,0.0652987957000732,0.3162409663200378
25,0,1699,0.06586066260933869,0.020789835602045,0.1553600579500198
25,1,3768,0.11104660071432587,0.033562408760189955,0.2378532141447067
25,2,5764,0.17086118385195728,0.048711959272623,0.2799378037452698
25,3,7259,0.22093801200389854,0.0626497417688369,0.3365048468112945
25,4,7843,0.24335933774709692,0.0686988905072212,0.3480461537837982
26,0,1699,0.06586066260933869,0.020789835602045,0.1553600579500198
26,1,3771,0.11141402274370191,0.0336104445159435,0.247964933514595
26,2,5794,0.17564878910779935,0.048962784931063597,0.334490418434143
26,3,7425,0.24079599678516378,0.0644049793481826,0.3968833088874817
26,4,8130,0.26810816228389717,0.07173048332333559,0.3968833088874817
27,0,1699,0.06586066260933869,0.020789835602045,0.1553600579500198
27,1,3774,0.11263478957116599,0.03362249396741385,0.2949477434158325
27,2,5828,0.18242648541927325,0.04929580539464945,0.3430348634719848
27,3,7598,0.262232106924057,0.06622627377510065,0.4058881103992462
27,4,8454,0.3034592941403388,0.07587366551160804,0.4505020081996918
28,0,1699,0.06586066260933869,0.020789835602045,0.1553600579500198
28,1,3776,0.11285514570772642,0.0336356852203607,0.3003758490085602
28,2,5845,0.18501446545124048,0.0495668947696685,0.3681942224502563
28,3,7717,0.2851639211177825,0.0675081610679626,0.4605945646762848
28,4,8756,0.34440002590417856,0.07977881655097005,0.463119775056839
29,0,1699,0.06586066260933869,0.020789835602045,0.1553600579500198
29,1,3776,0.11285514570772642,0.0336356852203607,0.3003758490085602
29,2,5862,0.18969294577836984,0.049785152077674796,0.4085393249988556
29,3,7809,0.29942736625671335,0.0684156790375709,0.4846894443035126
29,4,9081,0.3931674063205719,0.084753893315792,0.5152925252914429
30,0,1699,0.06586066260933869,0.020789835602045,0.1553600579500198
30,1,3776,0.11285514570772642,0.0336356852203607,0.3003758490085602
30,2,5867,0.1908755138516426,0.0498397275805473,0.4429473876953125
30,3,7889,0.31580593585968,0.0693374350666999,0.5397443175315857
30,4,9400,0.4397809833288192,0.088822741061449,0.5580667853355408
31,0,1699,0.06586066260933869,0.020789835602045,0.1553600579500198
31,1,3776,0.11285514570772642,0.0336356852203607,0.3003758490085602
31,2,5867,0.1908755138516426,0.0498397275805473,0.4429473876953125
31,3,7925,0.3247386753559112,0.0696146041154861,0.5707751512527466
31,4,9715,0.49617057144641874,0.0940214395523071,0.5942951440811157
32,0,1699,0.06586066260933869,0.020789835602045,0.1553600579500198
32,1,3776,0.11285514570772642,0.0336356852203607,0.3003758490085602
32,2,5867,0.1908755138516426,0.0498397275805473,0.4429473876953125
32,3,7925,0.3247386753559112,0.0696146041154861,0.5707751512527466
32,4,10000,0.5493718415498722,0.09883145615458486,0.62576824426651
