n_fail_max,n_crit_fail_max,n_configs,coverage_percent,p_safe,is_safe,tau,required_tau,threshold_name
1,0,255,2.55,0.9137254901960784,False,0.01,0.01020232681185,tau_0.010
1,1,295,2.95,0.823728813559322,False,0.01,0.0112476963549852,tau_0.010
1,2,295,2.95,0.823728813559322,False,0.01,0.0112476963549852,tau_0.010
1,3,295,2.95,0.823728813559322,False,0.01,0.0112476963549852,tau_0.010
1,4,295,2.95,0.823728813559322,False,0.01,0.0112476963549852,tau_0.010
2,0,495,4.95,0.5555555555555556,False,0.01,0.0142384534701704,tau_0.010
2,1,605,6.05,0.47107438016528924,False,0.01,0.015624597854912239,tau_0.010
2,2,612,6.12,0.46568627450980393,False,0.01,0.015922779124230114,tau_0.010
2,3,612,6.12,0.46568627450980393,False,0.01,0.015922779124230114,tau_0.010
2,4,612,6.12,0.46568627450980393,False,0.01,0.015922779124230114,tau_0.010
3,0,708,7.08,0.3884180790960452,False,0.01,0.017440714966505722,tau_0.010
3,1,915,9.15,0.3114754098360656,False,0.01,0.01949470657855265,tau_0.010
3,2,935,9.35,0.3048128342245989,False,0.01,0.019874731823801926,tau_0.010
3,3,935,9.35,0.3048128342245989,False,0.01,0.019874731823801926,tau_0.010
3,4,935,9.35,0.3048128342245989,False,0.01,0.019874731823801926,tau_0.010
4,0,864,8.64,0.31828703703703703,False,0.01,0.02107251090928902,tau_0.010
4,1,1193,11.93,0.23889354568315171,False,0.01,0.02301026992499821,tau_0.010
4,2,1226,12.26,0.23246329526916804,False,0.01,0.0234095095656812,tau_0.010
4,3,1228,12.28,0.23208469055374592,False,0.01,0.02342868167906994,tau_0.010
4,4,1228,12.28,0.23208469055374592,False,0.01,0.02342868167906994,tau_0.010
5,0,1010,10.1,0.2722772277227723,False,0.01,0.02386267669498914,tau_0.010
5,1,1456,14.56,0.19574175824175824,False,0.01,0.02636312181130045,tau_0.010
5,2,1528,15.28,0.18651832460732984,False,0.01,0.027294072136282897,tau_0.010
5,3,1530,15.3,0.18627450980392157,False,0.01,0.02732249870896333,tau_0.010
5,4,1530,15.3,0.18627450980392157,False,0.01,0.02732249870896333,tau_0.010
6,0,1127,11.27,0.2440106477373558,False,0.01,0.02698092255741349,tau_0.010
6,1,1694,16.94,0.1682408500590319,False,0.01,0.030149737186729832,tau_0.010
6,2,1805,18.05,0.15789473684210525,False,0.01,0.031429486721754,tau_0.010
6,3,1809,18.09,0.15754560530679934,False,0.01,0.03150395229458802,tau_0.010
6,4,1810,18.1,0.1574585635359116,False,0.01,0.031516818702220895,tau_0.010
7,0,1235,12.35,0.22267206477732793,False,0.01,0.030891313776373837,tau_0.010
7,1,1946,19.46,0.14645426515930113,False,0.01,0.0341931795701384,tau_0.010
7,2,2111,21.11,0.1350071056371388,False,0.01,0.0356446448713541,tau_0.010
7,3,2125,21.25,0.13411764705882354,False,0.01,0.0359412930905818,tau_0.010
7,4,2126,21.26,0.13405456255879586,False,0.01,0.03595090005546803,tau_0.010
8,0,1324,13.24,0.20770392749244712,False,0.01,0.034023581817746125,tau_0.010
8,1,2152,21.52,0.1324349442379182,False,0.01,0.037890157662331996,tau_0.010
8,2,2375,23.75,0.12,False,0.01,0.039804735034704136,tau_0.010
8,3,2398,23.98,0.1188490408673895,False,0.01,0.04008379373699419,tau_0.010
8,4,2402,24.02,0.1186511240632806,False,0.01,0.040153951570391595,tau_0.010
9,0,1399,13.99,0.19656897784131522,False,0.01,0.036947902292013154,tau_0.010
9,1,2379,23.79,0.11979823455233292,False,0.01,0.04159218557178967,tau_0.010
9,2,2679,26.79,0.10638297872340426,False,0.01,0.04409905821084971,tau_0.010
9,3,2717,27.17,0.1048951048951049,False,0.01,0.044590622931718796,tau_0.010
9,4,2723,27.23,0.1046639735585751,False,0.01,0.0447698026895523,tau_0.010
10,0,1459,14.59,0.18848526387936942,False,0.01,0.040125022083520846,tau_0.010
10,1,2591,25.91,0.10999614048629873,False,0.01,0.046270679682493154,tau_0.010
10,2,2981,29.81,0.09560550150956056,False,0.01,0.0491697005927562,tau_0.010
10,3,3036,30.36,0.09387351778656126,False,0.01,0.05021045543253412,tau_0.010
10,4,3043,30.43,0.09365757476174827,False,0.01,0.05046717636287209,tau_0.010
11,0,1514,15.14,0.18163804491413474,False,0.01,0.04392660316079853,tau_0.010
11,1,2780,27.8,0.10251798561151079,False,0.01,0.051130376197397645,tau_0.010
11,2,3267,32.67,0.08723599632690542,False,0.01,0.05435157231986517,tau_0.010
11,3,3360,33.6,0.08482142857142858,False,0.01,0.05639228299260134,tau_0.010
11,4,3368,33.68,0.08461995249406176,False,0.01,0.0564354825764894,tau_0.010
12,0,1556,15.56,0.17673521850899743,False,0.01,0.04794352687895295,tau_0.010
12,1,2944,29.44,0.09680706521739131,False,0.01,0.05525121949613089,tau_0.010
12,2,3554,35.54,0.08019133370849747,False,0.01,0.06022281795740119,tau_0.010
12,3,3679,36.79,0.07746670290839902,False,0.01,0.06216681450605383,tau_0.010
12,4,3691,36.91,0.07721484692495259,False,0.01,0.06244309991598125,tau_0.010
13,0,1592,15.92,0.1727386934673367,False,0.01,0.051582719571888404,tau_0.010
13,1,3091,30.91,0.09220317049498544,False,0.01,0.06022757664322845,tau_0.010
13,2,3818,38.18,0.0746464117338921,False,0.01,0.06572368592023843,tau_0.010
13,3,4005,40.05,0.07116104868913857,False,0.01,0.06832529008388517,tau_0.010
13,4,4022,40.22,0.07086026852312283,False,0.01,0.06867452375590798,tau_0.010
14,0,1621,16.21,0.16964836520666254,False,0.01,0.0543971396982669,tau_0.010
14,1,3223,32.23,0.0884269314303444,False,0.01,0.06467548087239262,tau_0.010
14,2,4084,40.84,0.0697845249755142,False,0.01,0.07158582061529156,tau_0.010
14,3,4325,43.25,0.06589595375722543,False,0.01,0.07521751672029497,tau_0.010
14,4,4352,43.52,0.06548713235294118,False,0.01,0.07573926635086534,tau_0.010
15,0,1640,16.4,0.1676829268292683,False,0.01,0.057168478146195335,tau_0.010
15,1,3319,33.19,0.08586923772220548,False,0.01,0.06923812404274933,tau_0.010
15,2,4297,42.97,0.06632534326274145,False,0.01,0.07813197970390316,tau_0.010
15,3,4607,46.07,0.06186238332971565,False,0.01,0.08229337856173506,tau_0.010
15,4,4641,46.41,0.06140917905623788,False,0.01,0.0827544257044792,tau_0.010
16,0,1657,16.57,0.1659625829812915,False,0.01,0.058986041694879435,tau_0.010
16,1,3415,34.15,0.08345534407027819,False,0.01,0.07446462139487263,tau_0.010
16,2,4525,45.25,0.06298342541436464,False,0.01,0.08564694672822949,tau_0.010
16,3,4916,49.16,0.057973962571196094,False,0.01,0.09075011685490603,tau_0.010
16,4,4964,49.64,0.05741337630942788,False,0.01,0.09142476990818973,tau_0.010
17,0,1669,16.69,0.16476932294787297,False,0.01,0.060518334805965336,tau_0.010
17,1,3500,35.0,0.08142857142857143,False,0.01,0.08082056529819959,tau_0.010
17,2,4735,47.35,0.06019007391763464,False,0.01,0.0929870396852493,tau_0.010
17,3,5221,52.21,0.05458724382302241,False,0.01,0.1000481843948364,tau_0.010
17,4,5285,52.85,0.05392620624408704,False,0.01,0.10132393985986707,tau_0.010
18,0,1679,16.79,0.16378796902918405,False,0.01,0.06181769184768193,tau_0.010
18,1,3570,35.7,0.07983193277310924,False,0.01,0.08604835793375962,tau_0.010
18,2,4937,49.37,0.05772736479643508,False,0.01,0.10203355103731149,tau_0.010
18,3,5507,55.07,0.051752315235155257,False,0.01,0.11040128841996188,tau_0.010
18,4,5589,55.89,0.05099302200751476,False,0.01,0.11194949150085443,tau_0.010
19,0,1688,16.88,0.16291469194312796,False,0.01,0.06255808267742388,tau_0.010
19,1,3625,36.25,0.07862068965517241,False,0.01,0.09085223078727718,tau_0.010
19,2,5110,51.1,0.05577299412915851,False,0.01,0.11056195124983784,tau_0.010
19,3,5789,57.89,0.049231300742788045,False,0.01,0.12148053944110865,tau_0.010
19,4,5909,59.09,0.04823151125401929,False,0.01,0.12460564672946926,tau_0.010
20,0,1694,16.94,0.16233766233766234,False,0.01,0.06387604065239426,tau_0.010
20,1,3668,36.68,0.0776990185387132,False,0.01,0.09542474038898939,tau_0.010
20,2,5260,52.6,0.05418250950570342,False,0.01,0.11936492919921876,tau_0.010
20,3,6052,60.52,0.04709187045604759,False,0.01,0.13205016404390327,tau_0.010
20,4,6215,62.15,0.04585679806918745,False,0.01,0.13663464784622184,tau_0.010
21,0,1696,16.96,0.16214622641509435,False,0.01,0.06425583735108373,tau_0.010
21,1,3701,37.01,0.07700621453661173,False,0.01,0.100100539624691,tau_0.010
21,2,5395,53.95,0.05282669138090825,False,0.01,0.12864306271076204,tau_0.010
21,3,6310,63.1,0.045166402535657686,False,0.01,0.14640163928270333,tau_0.010
21,4,6528,65.28,0.043658088235294115,False,0.01,0.15306739136576647,tau_0.010
22,0,1698,16.98,0.16195524146054183,False,0.01,0.06482803151011449,tau_0.010
22,1,3730,37.3,0.07640750670241286,False,0.01,0.10428927093744265,tau_0.010
22,2,5512,55.12,0.051705370101596516,False,0.01,0.13911257535219188,tau_0.010
22,3,6579,65.79,0.04331965344277246,False,0.01,0.16385270655155168,tau_0.010
22,4,6871,68.71,0.04147867850385679,False,0.01,0.1745529249310493,tau_0.010
23,0,1699,16.99,0.1618599175985874,False,0.01,0.06586066260933869,tau_0.010
23,1,3751,37.51,0.07597973873633698,False,0.01,0.1081410609185695,tau_0.010
23,2,5619,56.19,0.050720768820074744,False,0.01,0.15106617808341974,tau_0.010
23,3,6825,68.25,0.041758241758241756,False,0.01,0.18143467903137184,tau_0.010
23,4,7203,72.03,0.03956684714702208,False,0.01,0.19381722211837757,tau_0.010
24,0,1699,16.99,0.1618599175985874,False,0.01,0.06586066260933869,tau_0.010
24,1,3761,37.61,0.07577771869183728,False,0.01,0.11038538813591,tau_0.010
24,2,5702,57.02,0.049982462293931954,False,0.01,0.16124873533844938,tau_0.010
24,3,7047,70.47,0.04044274159216688,False,0.01,0.19836035072803493,tau_0.010
24,4,7523,75.23,0.037883822942974876,False,0.01,0.21769197285175318,tau_0.010
25,0,1699,16.99,0.1618599175985874,False,0.01,0.06586066260933869,tau_0.010
25,1,3768,37.68,0.07563694267515923,False,0.01,0.11104660071432587,tau_0.010
25,2,5764,57.64,0.04944482997918112,False,0.01,0.17086118385195728,tau_0.010
25,3,7259,72.59,0.03926160628185701,False,0.01,0.22093801200389854,tau_0.010
25,4,7843,78.43,0.036338135917378556,False,0.01,0.24335933774709692,tau_0.010
26,0,1699,16.99,0.1618599175985874,False,0.01,0.06586066260933869,tau_0.010
26,1,3771,37.71,0.07557677008750995,False,0.01,0.11141402274370191,tau_0.010
26,2,5794,57.94,0.04918881601656887,False,0.01,0.17564878910779935,tau_0.010
26,3,7425,74.25,0.03838383838383838,False,0.01,0.24079599678516378,tau_0.010
26,4,8130,81.3,0.03505535055350553,False,0.01,0.26810816228389717,tau_0.010
27,0,1699,16.99,0.1618599175985874,False,0.01,0.06586066260933869,tau_0.010
27,1,3774,37.74,0.075516693163752,False,0.01,0.11263478957116599,tau_0.010
27,2,5828,58.28,0.04890185312285518,False,0.01,0.18242648541927325,tau_0.010
27,3,7598,75.98,0.03750987101868913,False,0.01,0.262232106924057,tau_0.010
27,4,8454,84.54,0.033711852377572744,False,0.01,0.3034592941403388,tau_0.010
28,0,1699,16.99,0.1618599175985874,False,0.01,0.06586066260933869,tau_0.010
28,1,3776,37.76,0.07547669491525423,False,0.01,0.11285514570772642,tau_0.010
28,2,5845,58.45,0.04875962360992301,False,0.01,0.18501446545124048,tau_0.010
28,3,7717,77.17,0.03693145004535441,False,0.01,0.2851639211177825,tau_0.010
28,4,8756,87.56,0.032549109182275014,False,0.01,0.34440002590417856,tau_0.010
29,0,1699,16.99,0.1618599175985874,False,0.01,0.06586066260933869,tau_0.010
29,1,3776,37.76,0.07547669491525423,False,0.01,0.11285514570772642,tau_0.010
29,2,5862,58.62,0.04861821903787104,False,0.01,0.18969294577836984,tau_0.010
29,3,7809,78.09,0.0364963503649635,False,0.01,0.29942736625671335,tau_0.010
29,4,9081,90.81,0.03138420878757846,False,0.01,0.3931674063205719,tau_0.010
30,0,1699,16.99,0.1618599175985874,False,0.01,0.06586066260933869,tau_0.010
30,1,3776,37.76,0.07547669491525423,False,0.01,0.11285514570772642,tau_0.010
30,2,5867,58.67,0.048576785409919894,False,0.01,0.1908755138516426,tau_0.010
30,3,7889,78.89,0.0361262517429332,False,0.01,0.31580593585968,tau_0.010
30,4,9400,94.0,0.03031914893617021,False,0.01,0.4397809833288192,tau_0.010
31,0,1699,16.99,0.1618599175985874,False,0.01,0.06586066260933869,tau_0.010
31,1,3776,37.76,0.07547669491525423,False,0.01,0.11285514570772642,tau_0.010
31,2,5867,58.67,0.048576785409919894,False,0.01,0.1908755138516426,tau_0.010
31,3,7925,79.25,0.03596214511041009,False,0.01,0.3247386753559112,tau_0.010
31,4,9715,97.15,0.029336078229541946,False,0.01,0.49617057144641874,tau_0.010
32,0,1699,16.99,0.1618599175985874,False,0.01,0.06586066260933869,tau_0.010
32,1,3776,37.76,0.07547669491525423,False,0.01,0.11285514570772642,tau_0.010
32,2,5867,58.67,0.048576785409919894,False,0.01,0.1908755138516426,tau_0.010
32,3,7925,79.25,0.03596214511041009,False,0.01,0.3247386753559112,tau_0.010
32,4,10000,100.0,0.0285,False,0.01,0.5493718415498722,tau_0.010
1,0,255,2.55,1.0,True,0.025,0.01020232681185,tau_0.025
1,1,295,2.95,1.0,True,0.025,0.0112476963549852,tau_0.025
1,2,295,2.95,1.0,True,0.025,0.0112476963549852,tau_0.025
1,3,295,2.95,1.0,True,0.025,0.0112476963549852,tau_0.025
1,4,295,2.95,1.0,True,0.025,0.0112476963549852,tau_0.025
2,0,495,4.95,1.0,True,0.025,0.0142384534701704,tau_0.025
2,1,605,6.05,1.0,True,0.025,0.015624597854912239,tau_0.025
2,2,612,6.12,1.0,True,0.025,0.015922779124230114,tau_0.025
2,3,612,6.12,1.0,True,0.025,0.015922779124230114,tau_0.025
2,4,612,6.12,1.0,True,0.025,0.015922779124230114,tau_0.025
3,0,708,7.08,1.0,True,0.025,0.017440714966505722,tau_0.025
3,1,915,9.15,1.0,True,0.025,0.01949470657855265,tau_0.025
3,2,935,9.35,1.0,True,0.025,0.019874731823801926,tau_0.025
3,3,935,9.35,1.0,True,0.025,0.019874731823801926,tau_0.025
3,4,935,9.35,1.0,True,0.025,0.019874731823801926,tau_0.025
4,0,864,8.64,1.0,True,0.025,0.02107251090928902,tau_0.025
4,1,1193,11.93,0.9823973176865046,True,0.025,0.02301026992499821,tau_0.025
4,2,1226,12.26,0.9763458401305057,True,0.025,0.0234095095656812,tau_0.025
4,3,1228,12.28,0.9747557003257329,True,0.025,0.02342868167906994,tau_0.025
4,4,1228,12.28,0.9747557003257329,True,0.025,0.02342868167906994,tau_0.025
5,0,1010,10.1,0.9683168316831683,True,0.025,0.02386267669498914,tau_0.025
5,1,1456,14.56,0.915521978021978,False,0.025,0.02636312181130045,tau_0.025
5,2,1528,15.28,0.8900523560209425,False,0.025,0.027294072136282897,tau_0.025
5,3,1530,15.3,0.8888888888888888,False,0.025,0.02732249870896333,tau_0.025
5,4,1530,15.3,0.8888888888888888,False,0.025,0.02732249870896333,tau_0.025
6,0,1127,11.27,0.8952972493345164,False,0.025,0.02698092255741349,tau_0.025
6,1,1694,16.94,0.8134592680047226,False,0.025,0.030149737186729832,tau_0.025
6,2,1805,18.05,0.778393351800554,False,0.025,0.031429486721754,tau_0.025
6,3,1809,18.09,0.7766721945826424,False,0.025,0.03150395229458802,tau_0.025
6,4,1810,18.1,0.7762430939226519,False,0.025,0.031516818702220895,tau_0.025
7,0,1235,12.35,0.8194331983805668,False,0.025,0.030891313776373837,tau_0.025
7,1,1946,19.46,0.7096608427543679,False,0.025,0.0341931795701384,tau_0.025
7,2,2111,21.11,0.6669824727617243,False,0.025,0.0356446448713541,tau_0.025
7,3,2125,21.25,0.6625882352941177,False,0.025,0.0359412930905818,tau_0.025
7,4,2126,21.26,0.6622765757290687,False,0.025,0.03595090005546803,tau_0.025
8,0,1324,13.24,0.7643504531722054,False,0.025,0.034023581817746125,tau_0.025
8,1,2152,21.52,0.641728624535316,False,0.025,0.037890157662331996,tau_0.025
8,2,2375,23.75,0.592842105263158,False,0.025,0.039804735034704136,tau_0.025
8,3,2398,23.98,0.5871559633027523,False,0.025,0.04008379373699419,tau_0.025
8,4,2402,24.02,0.5861781848459617,False,0.025,0.040153951570391595,tau_0.025
9,0,1399,13.99,0.72337383845604,False,0.025,0.036947902292013154,tau_0.025
9,1,2379,23.79,0.5804960067255149,False,0.025,0.04159218557178967,tau_0.025
9,2,2679,26.79,0.5255692422545726,False,0.025,0.04409905821084971,tau_0.025
9,3,2717,27.17,0.5182186234817814,False,0.025,0.044590622931718796,tau_0.025
9,4,2723,27.23,0.5170767535806097,False,0.025,0.0447698026895523,tau_0.025
10,0,1459,14.59,0.6936257710760795,False,0.025,0.040125022083520846,tau_0.025
10,1,2591,25.91,0.5329988421458897,False,0.025,0.046270679682493154,tau_0.025
10,2,2981,29.81,0.47232472324723246,False,0.025,0.0491697005927562,tau_0.025
10,3,3036,30.36,0.463768115942029,False,0.025,0.05021045543253412,tau_0.025
10,4,3043,30.43,0.46270128162997043,False,0.025,0.05046717636287209,tau_0.025
11,0,1514,15.14,0.6684280052840158,False,0.025,0.04392660316079853,tau_0.025
11,1,2780,27.8,0.49676258992805755,False,0.025,0.051130376197397645,tau_0.025
11,2,3267,32.67,0.43097643097643096,False,0.025,0.05435157231986517,tau_0.025
11,3,3360,33.6,0.41904761904761906,False,0.025,0.05639228299260134,tau_0.025
11,4,3368,33.68,0.4180522565320665,False,0.025,0.0564354825764894,tau_0.025
12,0,1556,15.56,0.6503856041131105,False,0.025,0.04794352687895295,tau_0.025
12,1,2944,29.44,0.46908967391304346,False,0.025,0.05525121949613089,tau_0.025
12,2,3554,35.54,0.39617332583005066,False,0.025,0.06022281795740119,tau_0.025
12,3,3679,36.79,0.38271269366675725,False,0.025,0.06216681450605383,tau_0.025
12,4,3691,36.91,0.3814684367380114,False,0.025,0.06244309991598125,tau_0.025
13,0,1592,15.92,0.635678391959799,False,0.025,0.051582719571888404,tau_0.025
13,1,3091,30.91,0.44678097703008735,False,0.025,0.06022757664322845,tau_0.025
13,2,3818,38.18,0.36877946568884235,False,0.025,0.06572368592023843,tau_0.025
13,3,4005,40.05,0.3515605493133583,False,0.025,0.06832529008388517,tau_0.025
13,4,4022,40.22,0.35007458975634015,False,0.025,0.06867452375590798,tau_0.025
14,0,1621,16.21,0.6243059839605182,False,0.025,0.0543971396982669,tau_0.025
14,1,3223,32.23,0.42848278001861617,False,0.025,0.06467548087239262,tau_0.025
14,2,4084,40.84,0.34476003917727716,False,0.025,0.07158582061529156,tau_0.025
14,3,4325,43.25,0.3255491329479769,False,0.025,0.07521751672029497,tau_0.025
14,4,4352,43.52,0.3235294117647059,False,0.025,0.07573926635086534,tau_0.025
15,0,1640,16.4,0.6170731707317073,False,0.025,0.057168478146195335,tau_0.025
15,1,3319,33.19,0.4160891834890027,False,0.025,0.06923812404274933,tau_0.025
15,2,4297,42.97,0.3276704677682104,False,0.025,0.07813197970390316,tau_0.025
15,3,4607,46.07,0.30562187974820926,False,0.025,0.08229337856173506,tau_0.025
15,4,4641,46.41,0.3033828916181857,False,0.025,0.0827544257044792,tau_0.025
16,0,1657,16.57,0.6107423053711527,False,0.025,0.058986041694879435,tau_0.025
16,1,3415,34.15,0.40439238653001464,False,0.025,0.07446462139487263,tau_0.025
16,2,4525,45.25,0.31116022099447516,False,0.025,0.08564694672822949,tau_0.025
16,3,4916,49.16,0.28641171684296174,False,0.025,0.09075011685490603,tau_0.025
16,4,4964,49.64,0.28364222401289285,False,0.025,0.09142476990818973,tau_0.025
17,0,1669,16.69,0.6063511084481725,False,0.025,0.060518334805965336,tau_0.025
17,1,3500,35.0,0.3945714285714286,False,0.025,0.08082056529819959,tau_0.025
17,2,4735,47.35,0.2973600844772967,False,0.025,0.0929870396852493,tau_0.025
17,3,5221,52.21,0.269680137904616,False,0.025,0.1000481843948364,tau_0.025
17,4,5285,52.85,0.2664143803216651,False,0.025,0.10132393985986707,tau_0.025
18,0,1679,16.79,0.6027397260273972,False,0.025,0.06181769184768193,tau_0.025
18,1,3570,35.7,0.38683473389355744,False,0.025,0.08604835793375962,tau_0.025
18,2,4937,49.37,0.2851934373101074,False,0.025,0.10203355103731149,tau_0.025
18,3,5507,55.07,0.255674595968767,False,0.025,0.11040128841996188,tau_0.025
18,4,5589,55.89,0.2519234210055466,False,0.025,0.11194949150085443,tau_0.025
19,0,1688,16.88,0.5995260663507109,False,0.025,0.06255808267742388,tau_0.025
19,1,3625,36.25,0.38096551724137934,False,0.025,0.09085223078727718,tau_0.025
19,2,5110,51.1,0.27553816046966734,False,0.025,0.11056195124983784,tau_0.025
19,3,5789,57.89,0.24321989980998446,False,0.025,0.12148053944110865,tau_0.025
19,4,5909,59.09,0.2382805889321374,False,0.025,0.12460564672946926,tau_0.025
20,0,1694,16.94,0.5974025974025974,False,0.025,0.06387604065239426,tau_0.025
20,1,3668,36.68,0.37649945474372953,False,0.025,0.09542474038898939,tau_0.025
20,2,5260,52.6,0.267680608365019,False,0.025,0.11936492919921876,tau_0.025
20,3,6052,60.52,0.232650363516193,False,0.025,0.13205016404390327,tau_0.025
20,4,6215,62.15,0.22654867256637168,False,0.025,0.13663464784622184,tau_0.025
21,0,1696,16.96,0.5966981132075472,False,0.025,0.06425583735108373,tau_0.025
21,1,3701,37.01,0.37314239394758175,False,0.025,0.100100539624691,tau_0.025
21,2,5395,53.95,0.260982391102873,False,0.025,0.12864306271076204,tau_0.025
21,3,6310,63.1,0.2231378763866878,False,0.025,0.14640163928270333,tau_0.025
21,4,6528,65.28,0.21568627450980393,False,0.025,0.15306739136576647,tau_0.025
22,0,1698,16.98,0.5959952885747939,False,0.025,0.06482803151011449,tau_0.025
22,1,3730,37.3,0.3702412868632708,False,0.025,0.10428927093744265,tau_0.025
22,2,5512,55.12,0.25544267053701014,False,0.025,0.13911257535219188,tau_0.025
22,3,6579,65.79,0.2140142878856969,False,0.025,0.16385270655155168,tau_0.025
22,4,6871,68.71,0.2049192257313346,False,0.025,0.1745529249310493,tau_0.025
23,0,1699,16.99,0.5956444967628016,False,0.025,0.06586066260933869,tau_0.025
23,1,3751,37.51,0.3681684884030925,False,0.025,0.1081410609185695,tau_0.025
23,2,5619,56.19,0.25057839473215876,False,0.025,0.15106617808341974,tau_0.025
23,3,6825,68.25,0.2063003663003663,False,0.025,0.18143467903137184,tau_0.025
23,4,7203,72.03,0.19547410801055115,False,0.025,0.19381722211837757,tau_0.025
24,0,1699,16.99,0.5956444967628016,False,0.025,0.06586066260933869,tau_0.025
24,1,3761,37.61,0.3671895772400957,False,0.025,0.11038538813591,tau_0.025
24,2,5702,57.02,0.2469309014380919,False,0.025,0.16124873533844938,tau_0.025
24,3,7047,70.47,0.19980133390095076,False,0.025,0.19836035072803493,tau_0.025
24,4,7523,75.23,0.18715937790774956,False,0.025,0.21769197285175318,tau_0.025
25,0,1699,16.99,0.5956444967628016,False,0.025,0.06586066260933869,tau_0.025
25,1,3768,37.68,0.36650743099787686,False,0.025,0.11104660071432587,tau_0.025
25,2,5764,57.64,0.24427480916030533,False,0.025,0.17086118385195728,tau_0.025
25,3,7259,72.59,0.19396611103457775,False,0.025,0.22093801200389854,tau_0.025
25,4,7843,78.43,0.17952314165497896,False,0.025,0.24335933774709692,tau_0.025
26,0,1699,16.99,0.5956444967628016,False,0.025,0.06586066260933869,tau_0.025
26,1,3771,37.71,0.3662158578626359,False,0.025,0.11141402274370191,tau_0.025
26,2,5794,57.94,0.2430100103555402,False,0.025,0.17564878910779935,tau_0.025
26,3,7425,74.25,0.18962962962962962,False,0.025,0.24079599678516378,tau_0.025
26,4,8130,81.3,0.1731857318573186,False,0.025,0.26810816228389717,tau_0.025
27,0,1699,16.99,0.5956444967628016,False,0.025,0.06586066260933869,tau_0.025
27,1,3774,37.74,0.36592474827768945,False,0.025,0.11263478957116599,tau_0.025
27,2,5828,58.28,0.24159231297185998,False,0.025,0.18242648541927325,tau_0.025
27,3,7598,75.98,0.18531192419057646,False,0.025,0.262232106924057,tau_0.025
27,4,8454,84.54,0.16654837946534184,False,0.025,0.3034592941403388,tau_0.025
28,0,1699,16.99,0.5956444967628016,False,0.025,0.06586066260933869,tau_0.025
28,1,3776,37.76,0.3657309322033898,False,0.025,0.11285514570772642,tau_0.025
28,2,5845,58.45,0.2408896492728828,False,0.025,0.18501446545124048,tau_0.025
28,3,7717,77.17,0.1824543216275755,False,0.025,0.2851639211177825,tau_0.025
28,4,8756,87.56,0.16080402010050251,False,0.025,0.34440002590417856,tau_0.025
29,0,1699,16.99,0.5956444967628016,False,0.025,0.06586066260933869,tau_0.025
29,1,3776,37.76,0.3657309322033898,False,0.025,0.11285514570772642,tau_0.025
29,2,5862,58.62,0.24019106107130672,False,0.025,0.18969294577836984,tau_0.025
29,3,7809,78.09,0.18030477653988988,False,0.025,0.29942736625671335,tau_0.025
29,4,9081,90.81,0.15504900341372096,False,0.025,0.3931674063205719,tau_0.025
30,0,1699,16.99,0.5956444967628016,False,0.025,0.06586066260933869,tau_0.025
30,1,3776,37.76,0.3657309322033898,False,0.025,0.11285514570772642,tau_0.025
30,2,5867,58.67,0.239986364411113,False,0.025,0.1908755138516426,tau_0.025
30,3,7889,78.89,0.17847635948789453,False,0.025,0.31580593585968,tau_0.025
30,4,9400,94.0,0.1497872340425532,False,0.025,0.4397809833288192,tau_0.025
31,0,1699,16.99,0.5956444967628016,False,0.025,0.06586066260933869,tau_0.025
31,1,3776,37.76,0.3657309322033898,False,0.025,0.11285514570772642,tau_0.025
31,2,5867,58.67,0.239986364411113,False,0.025,0.1908755138516426,tau_0.025
31,3,7925,79.25,0.17766561514195583,False,0.025,0.3247386753559112,tau_0.025
31,4,9715,97.15,0.1449305198147195,False,0.025,0.49617057144641874,tau_0.025
32,0,1699,16.99,0.5956444967628016,False,0.025,0.06586066260933869,tau_0.025
32,1,3776,37.76,0.3657309322033898,False,0.025,0.11285514570772642,tau_0.025
32,2,5867,58.67,0.239986364411113,False,0.025,0.1908755138516426,tau_0.025
32,3,7925,79.25,0.17766561514195583,False,0.025,0.3247386753559112,tau_0.025
32,4,10000,100.0,0.1408,False,0.025,0.5493718415498722,tau_0.025
1,0,255,2.55,1.0,True,0.05,0.01020232681185,tau_0.050
1,1,295,2.95,1.0,True,0.05,0.0112476963549852,tau_0.050
1,2,295,2.95,1.0,True,0.05,0.0112476963549852,tau_0.050
1,3,295,2.95,1.0,True,0.05,0.0112476963549852,tau_0.050
1,4,295,2.95,1.0,True,0.05,0.0112476963549852,tau_0.050
2,0,495,4.95,1.0,True,0.05,0.0142384534701704,tau_0.050
2,1,605,6.05,1.0,True,0.05,0.015624597854912239,tau_0.050
2,2,612,6.12,1.0,True,0.05,0.015922779124230114,tau_0.050
2,3,612,6.12,1.0,True,0.05,0.015922779124230114,tau_0.050
2,4,612,6.12,1.0,True,0.05,0.015922779124230114,tau_0.050
3,0,708,7.08,1.0,True,0.05,0.017440714966505722,tau_0.050
3,1,915,9.15,1.0,True,0.05,0.01949470657855265,tau_0.050
3,2,935,9.35,1.0,True,0.05,0.019874731823801926,tau_0.050
3,3,935,9.35,1.0,True,0.05,0.019874731823801926,tau_0.050
3,4,935,9.35,1.0,True,0.05,0.019874731823801926,tau_0.050
4,0,864,8.64,1.0,True,0.05,0.02107251090928902,tau_0.050
4,1,1193,11.93,1.0,True,0.05,0.02301026992499821,tau_0.050
4,2,1226,12.26,1.0,True,0.05,0.0234095095656812,tau_0.050
4,3,1228,12.28,1.0,True,0.05,0.02342868167906994,tau_0.050
4,4,1228,12.28,1.0,True,0.05,0.02342868167906994,tau_0.050
5,0,1010,10.1,1.0,True,0.05,0.02386267669498914,tau_0.050
5,1,1456,14.56,1.0,True,0.05,0.02636312181130045,tau_0.050
5,2,1528,15.28,1.0,True,0.05,0.027294072136282897,tau_0.050
5,3,1530,15.3,1.0,True,0.05,0.02732249870896333,tau_0.050
5,4,1530,15.3,1.0,True,0.05,0.02732249870896333,tau_0.050
6,0,1127,11.27,1.0,True,0.05,0.02698092255741349,tau_0.050
6,1,1694,16.94,1.0,True,0.05,0.030149737186729832,tau_0.050
6,2,1805,18.05,1.0,True,0.05,0.031429486721754,tau_0.050
6,3,1809,18.09,1.0,True,0.05,0.03150395229458802,tau_0.050
6,4,1810,18.1,1.0,True,0.05,0.031516818702220895,tau_0.050
7,0,1235,12.35,1.0,True,0.05,0.030891313776373837,tau_0.050
7,1,1946,19.46,1.0,True,0.05,0.0341931795701384,tau_0.050
7,2,2111,21.11,1.0,True,0.05,0.0356446448713541,tau_0.050
7,3,2125,21.25,1.0,True,0.05,0.0359412930905818,tau_0.050
7,4,2126,21.26,1.0,True,0.05,0.03595090005546803,tau_0.050
8,0,1324,13.24,1.0,True,0.05,0.034023581817746125,tau_0.050
8,1,2152,21.52,1.0,True,0.05,0.037890157662331996,tau_0.050
8,2,2375,23.75,0.9991578947368421,True,0.05,0.039804735034704136,tau_0.050
8,3,2398,23.98,0.9983319432860718,True,0.05,0.04008379373699419,tau_0.050
8,4,2402,24.02,0.9979184013322231,True,0.05,0.040153951570391595,tau_0.050
9,0,1399,13.99,1.0,True,0.05,0.036947902292013154,tau_0.050
9,1,2379,23.79,0.9962168978562421,True,0.05,0.04159218557178967,tau_0.050
9,2,2679,26.79,0.9910414333706606,True,0.05,0.04409905821084971,tau_0.050
9,3,2717,27.17,0.9856459330143541,True,0.05,0.044590622931718796,tau_0.050
9,4,2723,27.23,0.9845758354755784,True,0.05,0.0447698026895523,tau_0.050
10,0,1459,14.59,0.9972583961617546,True,0.05,0.040125022083520846,tau_0.050
10,1,2591,25.91,0.978772674642995,True,0.05,0.046270679682493154,tau_0.050
10,2,2981,29.81,0.9567259308956726,True,0.05,0.0491697005927562,tau_0.050
10,3,3036,30.36,0.9472990777338604,False,0.05,0.05021045543253412,tau_0.050
10,4,3043,30.43,0.9461058166283273,False,0.05,0.05046717636287209,tau_0.050
11,0,1514,15.14,0.9775429326287979,True,0.05,0.04392660316079853,tau_0.050
11,1,2780,27.8,0.9359712230215828,False,0.05,0.051130376197397645,tau_0.050
11,2,3267,32.67,0.8943985307621671,False,0.05,0.05435157231986517,tau_0.050
11,3,3360,33.6,0.8767857142857143,False,0.05,0.05639228299260134,tau_0.050
11,4,3368,33.68,0.8755938242280285,False,0.05,0.0564354825764894,tau_0.050
12,0,1556,15.56,0.9582262210796915,True,0.05,0.04794352687895295,tau_0.050
12,1,2944,29.44,0.8899456521739131,False,0.05,0.05525121949613089,tau_0.050
12,2,3554,35.54,0.827236916150816,False,0.05,0.06022281795740119,tau_0.050
12,3,3679,36.79,0.8056537102473498,False,0.05,0.06216681450605383,tau_0.050
12,4,3691,36.91,0.8038471958818748,False,0.05,0.06244309991598125,tau_0.050
13,0,1592,15.92,0.9371859296482412,False,0.05,0.051582719571888404,tau_0.050
13,1,3091,30.91,0.8479456486573924,False,0.05,0.06022757664322845,tau_0.050
13,2,3818,38.18,0.7702985856469355,False,0.05,0.06572368592023843,tau_0.050
13,3,4005,40.05,0.7403245942571786,False,0.05,0.06832529008388517,tau_0.050
13,4,4022,40.22,0.7379413227250124,False,0.05,0.06867452375590798,tau_0.050
14,0,1621,16.21,0.9204194941394201,False,0.05,0.0543971396982669,tau_0.050
14,1,3223,32.23,0.8132174992243252,False,0.05,0.06467548087239262,tau_0.050
14,2,4084,40.84,0.7201273261508325,False,0.05,0.07158582061529156,tau_0.050
14,3,4325,43.25,0.6855491329479769,False,0.05,0.07521751672029497,tau_0.050
14,4,4352,43.52,0.6819852941176471,False,0.05,0.07573926635086534,tau_0.050
15,0,1640,16.4,0.9097560975609756,False,0.05,0.057168478146195335,tau_0.050
15,1,3319,33.19,0.7896956914733353,False,0.05,0.06923812404274933,tau_0.050
15,2,4297,42.97,0.6844309983709564,False,0.05,0.07813197970390316,tau_0.050
15,3,4607,46.07,0.6435858476231822,False,0.05,0.08229337856173506,tau_0.050
15,4,4641,46.41,0.6395173453996983,False,0.05,0.0827544257044792,tau_0.050
16,0,1657,16.57,0.9004224502112251,False,0.05,0.058986041694879435,tau_0.050
16,1,3415,34.15,0.7674963396778917,False,0.05,0.07446462139487263,tau_0.050
16,2,4525,45.25,0.6499447513812154,False,0.05,0.08564694672822949,tau_0.050
16,3,4916,49.16,0.6031326281529699,False,0.05,0.09075011685490603,tau_0.050
16,4,4964,49.64,0.5979049153908138,False,0.05,0.09142476990818973,tau_0.050
17,0,1669,16.69,0.8939484721390054,False,0.05,0.060518334805965336,tau_0.050
17,1,3500,35.0,0.7488571428571429,False,0.05,0.08082056529819959,tau_0.050
17,2,4735,47.35,0.6211193241816262,False,0.05,0.0929870396852493,tau_0.050
17,3,5221,52.21,0.5678988699482858,False,0.05,0.1000481843948364,tau_0.050
17,4,5285,52.85,0.56158940397351,False,0.05,0.10132393985986707,tau_0.050
18,0,1679,16.79,0.8886241810601548,False,0.05,0.06181769184768193,tau_0.050
18,1,3570,35.7,0.7341736694677871,False,0.05,0.08604835793375962,tau_0.050
18,2,4937,49.37,0.595705894267774,False,0.05,0.10203355103731149,tau_0.050
18,3,5507,55.07,0.5384056655166152,False,0.05,0.11040128841996188,tau_0.050
18,4,5589,55.89,0.531043120415101,False,0.05,0.11194949150085443,tau_0.050
19,0,1688,16.88,0.8838862559241706,False,0.05,0.06255808267742388,tau_0.050
19,1,3625,36.25,0.7230344827586207,False,0.05,0.09085223078727718,tau_0.050
19,2,5110,51.1,0.5755381604696673,False,0.05,0.11056195124983784,tau_0.050
19,3,5789,57.89,0.5121782691311108,False,0.05,0.12148053944110865,tau_0.050
19,4,5909,59.09,0.5022846505330851,False,0.05,0.12460564672946926,tau_0.050
20,0,1694,16.94,0.8807556080283353,False,0.05,0.06387604065239426,tau_0.050
20,1,3668,36.68,0.7145583424209379,False,0.05,0.09542474038898939,tau_0.050
20,2,5260,52.6,0.5591254752851711,False,0.05,0.11936492919921876,tau_0.050
20,3,6052,60.52,0.489920687376074,False,0.05,0.13205016404390327,tau_0.050
20,4,6215,62.15,0.47755430410297667,False,0.05,0.13663464784622184,tau_0.050
21,0,1696,16.96,0.8797169811320755,False,0.05,0.06425583735108373,tau_0.050
21,1,3701,37.01,0.7081869764928398,False,0.05,0.100100539624691,tau_0.050
21,2,5395,53.95,0.5451343836886006,False,0.05,0.12864306271076204,tau_0.050
21,3,6310,63.1,0.46988906497622823,False,0.05,0.14640163928270333,tau_0.050
21,4,6528,65.28,0.45465686274509803,False,0.05,0.15306739136576647,tau_0.050
22,0,1698,16.98,0.8786808009422851,False,0.05,0.06482803151011449,tau_0.050
22,1,3730,37.3,0.702680965147453,False,0.05,0.10428927093744265,tau_0.050
22,2,5512,55.12,0.5335631349782293,False,0.05,0.13911257535219188,tau_0.050
22,3,6579,65.79,0.4506763945888433,False,0.05,0.16385270655155168,tau_0.050
22,4,6871,68.71,0.4319604133313928,False,0.05,0.1745529249310493,tau_0.050
23,0,1699,16.99,0.8781636256621542,False,0.05,0.06586066260933869,tau_0.050
23,1,3751,37.51,0.6987470007997867,False,0.05,0.1081410609185695,tau_0.050
23,2,5619,56.19,0.5234027407011924,False,0.05,0.15106617808341974,tau_0.050
23,3,6825,68.25,0.43443223443223444,False,0.05,0.18143467903137184,tau_0.050
23,4,7203,72.03,0.41205053449951407,False,0.05,0.19381722211837757,tau_0.050
24,0,1699,16.99,0.8781636256621542,False,0.05,0.06586066260933869,tau_0.050
24,1,3761,37.61,0.6968891252326509,False,0.05,0.11038538813591,tau_0.050
24,2,5702,57.02,0.5157839354612417,False,0.05,0.16124873533844938,tau_0.050
24,3,7047,70.47,0.4207464169149993,False,0.05,0.19836035072803493,tau_0.050
24,4,7523,75.23,0.39452346138508576,False,0.05,0.21769197285175318,tau_0.050
25,0,1699,16.99,0.8781636256621542,False,0.05,0.06586066260933869,tau_0.050
25,1,3768,37.68,0.6955944798301487,False,0.05,0.11104660071432587,tau_0.050
25,2,5764,57.64,0.510235947258848,False,0.05,0.17086118385195728,tau_0.050
25,3,7259,72.59,0.40845846535335445,False,0.05,0.22093801200389854,tau_0.050
25,4,7843,78.43,0.37842662246589315,False,0.05,0.24335933774709692,tau_0.050
26,0,1699,16.99,0.8781636256621542,False,0.05,0.06586066260933869,tau_0.050
26,1,3771,37.71,0.6950411031556616,False,0.05,0.11141402274370191,tau_0.050
26,2,5794,57.94,0.5075940628236106,False,0.05,0.17564878910779935,tau_0.050
26,3,7425,74.25,0.3993265993265993,False,0.05,0.24079599678516378,tau_0.050
26,4,8130,81.3,0.36506765067650676,False,0.05,0.26810816228389717,tau_0.050
27,0,1699,16.99,0.8781636256621542,False,0.05,0.06586066260933869,tau_0.050
27,1,3774,37.74,0.6944886062533121,False,0.05,0.11263478957116599,tau_0.050
27,2,5828,58.28,0.5046328071379547,False,0.05,0.18242648541927325,tau_0.050
27,3,7598,75.98,0.39023427217688866,False,0.05,0.262232106924057,tau_0.050
27,4,8454,84.54,0.3510764135320558,False,0.05,0.3034592941403388,tau_0.050
28,0,1699,16.99,0.8781636256621542,False,0.05,0.06586066260933869,tau_0.050
28,1,3776,37.76,0.6941207627118644,False,0.05,0.11285514570772642,tau_0.050
28,2,5845,58.45,0.5031650983746793,False,0.05,0.18501446545124048,tau_0.050
28,3,7717,77.17,0.38421666450693276,False,0.05,0.2851639211177825,tau_0.050
28,4,8756,87.56,0.33896756509821835,False,0.05,0.34440002590417856,tau_0.050
29,0,1699,16.99,0.8781636256621542,False,0.05,0.06586066260933869,tau_0.050
29,1,3776,37.76,0.6941207627118644,False,0.05,0.11285514570772642,tau_0.050
29,2,5862,58.62,0.5017059024223814,False,0.05,0.18969294577836984,tau_0.050
29,3,7809,78.09,0.3796901011653221,False,0.05,0.29942736625671335,tau_0.050
29,4,9081,90.81,0.3268362515141504,False,0.05,0.3931674063205719,tau_0.050
30,0,1699,16.99,0.8781636256621542,False,0.05,0.06586066260933869,tau_0.050
30,1,3776,37.76,0.6941207627118644,False,0.05,0.11285514570772642,tau_0.050
30,2,5867,58.67,0.5012783364581558,False,0.05,0.1908755138516426,tau_0.050
30,3,7889,78.89,0.3758397769045506,False,0.05,0.31580593585968,tau_0.050
30,4,9400,94.0,0.31574468085106383,False,0.05,0.4397809833288192,tau_0.050
31,0,1699,16.99,0.8781636256621542,False,0.05,0.06586066260933869,tau_0.050
31,1,3776,37.76,0.6941207627118644,False,0.05,0.11285514570772642,tau_0.050
31,2,5867,58.67,0.5012783364581558,False,0.05,0.1908755138516426,tau_0.050
31,3,7925,79.25,0.3741324921135647,False,0.05,0.3247386753559112,tau_0.050
31,4,9715,97.15,0.30550694801852807,False,0.05,0.49617057144641874,tau_0.050
32,0,1699,16.99,0.8781636256621542,False,0.05,0.06586066260933869,tau_0.050
32,1,3776,37.76,0.6941207627118644,False,0.05,0.11285514570772642,tau_0.050
32,2,5867,58.67,0.5012783364581558,False,0.05,0.1908755138516426,tau_0.050
32,3,7925,79.25,0.3741324921135647,False,0.05,0.3247386753559112,tau_0.050
32,4,10000,100.0,0.2968,False,0.05,0.5493718415498722,tau_0.050
