model,layer,head,head_name,D_mean,D_pos_mean,D_neg_mean,D_abs_mean,D_q90,D_q95,D_q99,D_pos_q90,D_pos_q95,D_pos_q99,D_abs_q95,harmful_rate_001,harmful_rate_005,harmful_rate_010,helpful_rate_001,helpful_rate_005,helpful_rate_010,f1_clean,f1_fault,delta_f1,acc_clean,acc_fault,delta_accuracy,criticality,redundancy,severity_weight
base_transformer_agnews,0,0,L0_H0,0.0027606075163930655,0.008234928362071514,-0.005474321078509092,0.013709249906241894,0.017283497378230095,0.04234354943037033,0.14590544998645782,0.017283497378230095,0.04234354943037033,0.14590544998645782,0.06844829022884369,0.1393939393939394,0.04242424242424243,0.019696969696969695,0.10848484848484849,0.02984848484848485,0.008787878787878787,0.9139488397045467,0.911311354297578,0.0026374854069686204,0.9140909090909091,0.9113636363636364,0.0027272727272726893,0.008234928362071514,0.18520426003974744,1.166978300660673
base_transformer_agnews,0,1,L0_H1,0.0027044499292969704,0.00778562156483531,-0.00508117163553834,0.01286679320037365,0.019713222980499268,0.04398997873067856,0.12504349648952484,0.019713222980499268,0.04398997873067856,0.12504349648952484,0.06709092110395432,0.14833333333333334,0.04303030303030303,0.015303030303030303,0.1003030303030303,0.027575757575757576,0.00893939393939394,0.9139488397045467,0.9125301321916641,0.0014187075128825333,0.9140909090909091,0.9125757575757576,0.0015151515151514694,0.00778562156483531,0.22966041657529168,1.1033066741861839
base_transformer_agnews,0,2,L0_H2,0.0012247024569660425,0.005424368195235729,-0.00419966597110033,0.00962403416633606,0.012009778060019016,0.028781451284885406,0.09217581897974014,0.012009778060019016,0.028781451284885406,0.09217581897974014,0.04600226506590843,0.11060606060606061,0.02621212121212121,0.009242424242424243,0.09515151515151515,0.018333333333333333,0.005909090909090909,0.9139488397045467,0.9132236533472514,0.0007251863572952377,0.9140909090909091,0.9133333333333333,0.0007575757575757347,0.005424368195235729,0.4632919798294205,0.7686915660115881
base_transformer_agnews,0,3,L0_H3,0.004659982863813639,0.009537126868963242,-0.004877144005149603,0.014414271339774132,0.0212104432284832,0.04928844794631004,0.16060903668403625,0.0212104432284832,0.04928844794631004,0.16060903668403625,0.07118842005729675,0.16666666666666666,0.04939393939393939,0.02196969696969697,0.09181818181818181,0.02772727272727273,0.010151515151515151,0.9139488397045467,0.9115280379107779,0.002420801793768801,0.9140909090909091,0.9115151515151515,0.0025757575757575646,0.009537126868963242,0.05635969098619498,1.3515138951285655
base_transformer_agnews,0,4,L0_H4,0.0024442493449896574,0.006211619358509779,-0.0037673702463507652,0.009978990070521832,0.013931920751929283,0.032347988337278366,0.10809892416000366,0.013931920751929283,0.032347988337278366,0.10809892416000366,0.05061446130275726,0.1256060606060606,0.029393939393939392,0.011212121212121211,0.08621212121212121,0.021515151515151515,0.005151515151515152,0.9139488397045467,0.912642115706007,0.001306723998539705,0.9140909090909091,0.9127272727272727,0.0013636363636363447,0.006211619358509779,0.3853982974667617,0.8802535595490262
base_transformer_agnews,0,5,L0_H5,0.002645897213369608,0.007441189140081406,-0.004795291926711798,0.012236480601131916,0.018117496743798256,0.04253663495182991,0.12580391764640808,0.018117496743798256,0.04253663495182991,0.12580391764640808,0.06218748912215233,0.14242424242424243,0.040757575757575756,0.016212121212121212,0.09984848484848485,0.024242424242424242,0.00893939393939394,0.9139488397045467,0.9109180549179454,0.003030784786601237,0.9140909090909091,0.911060606060606,0.00303030303030305,0.007441189140081406,0.2637398960867644,1.0544968791206883
base_transformer_agnews,0,6,L0_H6,0.0020542065612971783,0.008292244747281075,-0.0062380386516451836,0.014530283398926258,0.017045218497514725,0.047339893877506256,0.14589710533618927,0.017045218497514725,0.047339893877506256,0.14589710533618927,0.0739927738904953,0.13742424242424242,0.04681818181818182,0.01924242424242424,0.11242424242424243,0.03363636363636364,0.012575757575757575,0.9139488397045467,0.9118499299556249,0.0020989097489217956,0.9140909090909091,0.9118181818181819,0.002272727272727204,0.008292244747281075,0.17953315466453046,1.175100651562951
base_transformer_agnews,0,7,L0_H7,0.0023424262180924416,0.005907008890062571,-0.0035645829048007727,0.009471592493355274,0.014031651429831982,0.03330109268426895,0.0927552878856659,0.014031651429831982,0.03330109268426895,0.0927552878856659,0.0508551262319088,0.1206060606060606,0.032878787878787875,0.008787878787878787,0.08378787878787879,0.018333333333333333,0.0036363636363636364,0.9139488397045467,0.9112943763546901,0.0026544633498565284,0.9140909090909091,0.9113636363636364,0.0027272727272726893,0.005907008890062571,0.4155376382266912,0.8370869658395753
base_transformer_agnews,1,0,L1_H0,0.0013813634868711233,0.005775308236479759,-0.004393944516777992,0.010169252753257751,0.011412388645112514,0.027558984234929085,0.10203392803668976,0.011412388645112514,0.027558984234929085,0.10203392803668976,0.04935089126229286,0.10833333333333334,0.02696969696969697,0.010454545454545454,0.09393939393939393,0.022424242424242423,0.006666666666666667,0.9139488397045467,0.9114036848249956,0.0025451548795510925,0.9140909090909091,0.9115151515151515,0.0025757575757575646,0.005775308236479759,0.42856861151159564,0.8184235606274737
base_transformer_agnews,1,1,L1_H1,0.0024033214431256056,0.006151590030640364,-0.0037482683546841145,0.009899858385324478,0.012340592220425606,0.030034886673092842,0.11608061194419861,0.012340592220425606,0.030034886673092842,0.11608061194419861,0.04746270179748535,0.11378787878787879,0.029696969696969697,0.01196969696969697,0.08393939393939394,0.018030303030303032,0.005757575757575757,0.9139488397045467,0.9110683365700376,0.0028805031345090493,0.9140909090909091,0.9112121212121213,0.002878787878787814,0.006151590030640364,0.39133783190715266,0.8717467553672797
base_transformer_agnews,1,2,L1_H2,0.0033642242196947336,0.009077677503228188,-0.00571345305070281,0.01479113008826971,0.019973373040556908,0.050236817449331284,0.14448250830173492,0.019973373040556908,0.050236817449331284,0.14448250830173492,0.07226188480854034,0.1484848484848485,0.05045454545454545,0.019545454545454546,0.10803030303030303,0.02878787878787879,0.010151515151515151,0.9139488397045467,0.9113595126111703,0.002589327093376337,0.9140909090909091,0.9115151515151515,0.0025757575757575646,0.009077677503228188,0.10181939257298467,1.286404957140155
base_transformer_agnews,1,3,L1_H3,0.001530071021988988,0.006719021592289209,-0.005188951268792152,0.011907972395420074,0.016505448147654533,0.039181891828775406,0.12150870263576508,0.016505448147654533,0.039181891828775406,0.12150870263576508,0.06309549510478973,0.13303030303030303,0.03939393939393939,0.013636363636363636,0.11,0.03015151515151515,0.007424242424242424,0.9139488397045467,0.9107469210871592,0.0032019186173875003,0.9140909090909091,0.9109090909090909,0.0031818181818181746,0.006719021592289209,0.33519395319657097,0.9521579369149027
base_transformer_agnews,1,4,L1_H4,0.0037056489381939173,0.010106739588081837,-0.006401090882718563,0.0165078304708004,0.0207041148096323,0.05362400412559509,0.19511239230632782,0.0207041148096323,0.05362400412559509,0.19511239230632782,0.08660551905632019,0.14954545454545454,0.05348484848484848,0.024696969696969696,0.10772727272727273,0.03803030303030303,0.016363636363636365,0.9139488397045467,0.9103723400104315,0.0035764996941151095,0.9140909090909091,0.9104545454545454,0.0036363636363636598,0.010106739588081837,9.894396413301365e-11,1.4322341702500008
base_transformer_agnews,1,5,L1_H5,0.00021809157624375075,0.004467042163014412,-0.004248950630426407,0.008715992793440819,0.009274427779018879,0.025598226115107536,0.07738712430000305,0.009274427779018879,0.025598226115107536,0.07738712430000305,0.044679369777441025,0.09696969696969697,0.021363636363636362,0.006060606060606061,0.09484848484848485,0.02212121212121212,0.005303030303030303,0.9139488397045467,0.9129003434042423,0.0010484963003043468,0.9140909090909091,0.9130303030303031,0.0010606060606059842,0.004467042163014412,0.5580135291266343,0.6330281264356754
base_transformer_agnews,1,6,L1_H6,0.0014767063548788428,0.006962331011891365,-0.005485625471919775,0.012447956949472427,0.0160140972584486,0.03880477324128151,0.11067837476730347,0.0160140972584486,0.03880477324128151,0.11067837476730347,0.06392988562583923,0.13045454545454546,0.03772727272727273,0.012878787878787878,0.10803030303030303,0.029242424242424243,0.011212121212121211,0.9139488397045467,0.9122010046084329,0.001747835096113759,0.9140909090909091,0.9122727272727272,0.0018181818181818299,0.006962331011891365,0.3111199758809785,0.986637509843529
base_transformer_agnews,1,7,L1_H7,0.003546877298504114,0.009065681137144566,-0.005518803372979164,0.01458448451012373,0.017878245562314987,0.045587655156850815,0.17605583369731903,0.017878245562314987,0.045587655156850815,0.17605583369731903,0.06834051012992859,0.13515151515151516,0.04606060606060606,0.020606060606060607,0.1053030303030303,0.02696969696969697,0.009545454545454546,0.9139488397045467,0.9087936180205735,0.005155221683973199,0.9140909090909091,0.9087878787878788,0.005303030303030254,0.009065681137144566,0.10300635954466575,1.284704942484187
base_transformer_agnews,2,0,L2_H0,0.00048194194096140563,0.005003457888960838,-0.004521516151726246,0.009524974972009659,0.010284149087965488,0.026694757863879204,0.0961184948682785,0.010284149087965488,0.026694757863879204,0.0961184948682785,0.048690423369407654,0.10151515151515152,0.025454545454545455,0.00893939393939394,0.09393939393939393,0.022575757575757575,0.007272727272727273,0.9139488397045467,0.9123057073101417,0.0016431323944049447,0.9140909090909091,0.9124242424242425,0.0016666666666665941,0.005003457888960838,0.5049384774526099,0.7090440290385189
base_transformer_agnews,2,1,L2_H1,0.0028596248012036085,0.00911032035946846,-0.006250694859772921,0.015361015684902668,0.02018127776682377,0.04690549895167351,0.1548222303390503,0.02018127776682377,0.04690549895167351,0.1548222303390503,0.07875669747591019,0.14939393939393938,0.04560606060606061,0.020606060606060607,0.10666666666666667,0.036515151515151514,0.013787878787878788,0.9139488397045467,0.9130621049990084,0.0008867347055382391,0.9140909090909091,0.9130303030303031,0.0010606060606059842,0.00911032035946846,0.09858958181625599,1.2910308024698405
base_transformer_agnews,2,2,L2_H2,0.002555968938395381,0.006301586050540209,-0.003745617112144828,0.010047203861176968,0.014649257995188236,0.0337057001888752,0.10460671782493591,0.014649257995188236,0.0337057001888752,0.10460671782493591,0.05249785631895065,0.13045454545454546,0.03393939393939394,0.01106060606060606,0.07818181818181819,0.019696969696969695,0.006363636363636364,0.9139488397045467,0.9118416675874919,0.002107172117054801,0.9140909090909091,0.911969696969697,0.0021212121212120794,0.006301586050540209,0.3764966441454849,0.8930028116087397
base_transformer_agnews,2,3,L2_H3,0.0010692781070247293,0.004426400177180767,-0.003357122652232647,0.007783522829413414,0.009158614091575146,0.02341292053461075,0.07825454324483871,0.009158614091575146,0.02341292053461075,0.07825454324483871,0.03875308111310005,0.09363636363636364,0.02106060606060606,0.0069696969696969695,0.08515151515151514,0.013939393939393939,0.0028787878787878787,0.9139488397045467,0.9119211106708847,0.0020277290336619958,0.9140909090909091,0.9121212121212121,0.0019696969696969546,0.004426400177180767,0.5620348047789276,0.6272687180378965
base_transformer_agnews,2,4,L2_H4,0.0035072267055511475,0.008401674218475819,-0.004894447512924671,0.013296122662723064,0.02044525370001793,0.04484299197793007,0.1377667486667633,0.02044525370001793,0.04484299197793007,0.1377667486667633,0.06572142243385315,0.15515151515151515,0.0446969696969697,0.019090909090909092,0.10015151515151516,0.027121212121212122,0.00909090909090909,0.9139488397045467,0.9108389014338563,0.0031099382706903933,0.9140909090909091,0.9109090909090909,0.0031818181818181746,0.008401674218475819,0.16870577851317903,1.190607989662601
base_transformer_agnews,2,5,L2_H5,0.003915991168469191,0.008436493575572968,-0.004520501010119915,0.012956993654370308,0.01832364872097969,0.04011768102645874,0.15578478574752808,0.01832364872097969,0.04011768102645874,0.15578478574752808,0.06016923487186432,0.14363636363636365,0.03893939393939394,0.01818181818181818,0.09333333333333334,0.022272727272727274,0.007121212121212121,0.9139488397045467,0.9110291852719912,0.002919654432555485,0.9140909090909091,0.9112121212121213,0.002878787878787814,0.008436493575572968,0.16526061632311295,1.1955422686737551
base_transformer_agnews,2,6,L2_H6,0.001537103671580553,0.006363830529153347,-0.004826726391911507,0.011190556921064854,0.014034823514521122,0.03564034774899483,0.11817026883363724,0.014034823514521122,0.03564034774899483,0.11817026883363724,0.05329092964529991,0.11712121212121213,0.03272727272727273,0.013787878787878788,0.09606060606060605,0.02303030303030303,0.00803030303030303,0.9139488397045467,0.9115640306331839,0.002384809071362737,0.9140909090909091,0.9116666666666666,0.00242424242424244,0.006363830529153347,0.3703379341021016,0.9018235265784079
base_transformer_agnews,2,7,L2_H7,0.0019390214001759887,0.006633094046264887,-0.004694072529673576,0.01132716704159975,0.01424881536513567,0.03463870286941528,0.12326745688915253,0.01424881536513567,0.03463870286941528,0.12326745688915253,0.058219555765390396,0.12545454545454546,0.0346969696969697,0.01575757575757576,0.09712121212121212,0.02515151515151515,0.00803030303030303,0.9139488397045467,0.9116591898006359,0.0022896499039107843,0.9140909090909091,0.9118181818181819,0.002272727272727204,0.006633094046264887,0.3436959577517441,0.9399810754741578
base_transformer_agnews,3,0,L3_H0,0.004563957452774048,0.009880871511995792,-0.005316913593560457,0.015197785571217537,0.021683676168322563,0.04883428290486336,0.16521641612052917,0.021683676168322563,0.04883428290486336,0.16521641612052917,0.07518168538808823,0.15621212121212122,0.04787878787878788,0.023333333333333334,0.10333333333333333,0.03090909090909091,0.009545454545454546,0.9139488397045467,0.9105648311131432,0.00338400859140342,0.9140909090909091,0.9106060606060606,0.003484848484848424,0.009880871511995792,0.02234826326484618,1.400226224094889
base_transformer_agnews,3,1,L3_H1,0.00047582227853126824,0.00556732015684247,-0.005091497208923101,0.010658818297088146,0.013547608628869057,0.02987344190478325,0.09627462178468704,0.013547608628869057,0.02987344190478325,0.09627462178468704,0.05573385953903198,0.1203030303030303,0.02909090909090909,0.00909090909090909,0.11106060606060605,0.02803030303030303,0.0069696969696969695,0.9139488397045467,0.9128559763301075,0.0010928633744391458,0.9140909090909091,0.9130303030303031,0.0010606060606059842,0.00556732015684247,0.44914775850594146,0.7889494031046578
base_transformer_agnews,3,2,L3_H2,0.0009602669742889702,0.006409784778952599,-0.005449517630040646,0.01185930147767067,0.013696071691811085,0.035742197185754776,0.11794532835483551,0.013696071691811085,0.035742197185754776,0.11794532835483551,0.05835768207907677,0.12166666666666667,0.0346969696969697,0.013787878787878788,0.11378787878787879,0.02803030303030303,0.009848484848484848,0.9139488397045467,0.9118381692611569,0.0021106704433897505,0.9140909090909091,0.911969696969697,0.0021212121212120794,0.006409784778952599,0.36579104245675875,0.9083357401619364
base_transformer_agnews,3,3,L3_H3,0.002136358991265297,0.0060767605900764465,-0.00394040159881115,0.01001716312021017,0.013817875646054745,0.030012985691428185,0.10167673230171204,0.013817875646054745,0.030012985691428185,0.10167673230171204,0.04561392962932587,0.12409090909090909,0.026818181818181817,0.010454545454545454,0.09136363636363637,0.01818181818181818,0.005606060606060606,0.9139488397045467,0.9116501480388399,0.0022986916657067313,0.9140909090909091,0.9116666666666666,0.00242424242424244,0.0060767605900764465,0.39874174687937125,0.8611426153493935
base_transformer_agnews,3,4,L3_H4,-4.259345951140858e-05,0.003979029133915901,-0.004021622706204653,0.008000651374459267,0.008195396512746811,0.022208016365766525,0.07179275155067444,0.008195396512746811,0.022208016365766525,0.07179275155067444,0.039683204144239426,0.08954545454545454,0.019090909090909092,0.005303030303030303,0.0959090909090909,0.016666666666666666,0.004242424242424243,0.9139488397045467,0.9128774102605565,0.0010714294439901906,0.9140909090909091,0.9130303030303031,0.0010606060606059842,0.003979029133915901,0.6062994303113945,0.5638714088107041
base_transformer_agnews,3,5,L3_H5,0.000601945270318538,0.007431481033563614,-0.006829535588622093,0.014261016622185707,0.01719295233488083,0.04141019284725189,0.12750492990016937,0.01719295233488083,0.04141019284725189,0.12750492990016937,0.07704377919435501,0.13227272727272726,0.04151515151515151,0.01606060606060606,0.12196969696969696,0.04318181818181818,0.014090909090909091,0.9139488397045467,0.9135826740377466,0.0003661656668000335,0.9140909090909091,0.9137878787878788,0.00030303030303024947,0.007431481033563614,0.2647004537851422,1.053121135562439
base_transformer_agnews,3,6,L3_H6,0.001659485511481762,0.007731650490313768,-0.006072164513170719,0.0138038145378232,0.01665268838405609,0.04451792687177658,0.14289221167564392,0.01665268838405609,0.04451792687177658,0.14289221167564392,0.06963793933391571,0.13333333333333333,0.043787878787878785,0.01924242424242424,0.1146969696969697,0.03227272727272727,0.012878787878787878,0.9139488397045467,0.9119828028338407,0.001966036870705956,0.9140909090909091,0.9121212121212121,0.0019696969696969546,0.007731650490313768,0.23500052394086046,1.0956583899436558
base_transformer_agnews,3,7,L3_H7,0.0018422793364152312,0.006898750085383654,-0.005056470166891813,0.011955221183598042,0.016634318977594376,0.03715286776423454,0.11350199580192566,0.016634318977594376,0.03715286776423454,0.11350199580192566,0.06116856262087822,0.13454545454545455,0.037121212121212124,0.012424242424242424,0.1040909090909091,0.02727272727272727,0.00893939393939394,0.9139488397045467,0.9104604530728403,0.003488386631706364,0.9140909090909091,0.9106060606060606,0.003484848484848424,0.006898750085383654,0.3174109192606217,0.9776274057712047
