model,layer,head,head_name,full_head_name,clean_mae,fault_mae,delta_mae,clean_rmse,fault_rmse,delta_rmse,clean_mse,fault_mse,delta_mse,mean_error_change,mean_harmful_error_change,mean_helpful_error_change,mean_abs_error_change,q90_error_change,q95_error_change,q99_error_change,q90_harmful_error_change,q95_harmful_error_change,q99_harmful_error_change,harmful_rate_001,harmful_rate_005,harmful_rate_010,redundancy_score,tail_redundancy_score,attention_entropy,attention_variance,clean_fault_dataset_mae,checkpoint_path
base_transformer_regressor,3,5,L3_H5,base_transformer_regressor_L3_H5,0.0111147118732333,0.0297664366662502,0.0186517247930169,0.01488060010291,0.0341181234683842,0.0192375233654741,0.0002214322594227,0.0011640463490039,0.0009426140895811,0.0186517238616943,0.0208215080201625,-0.0021697871852666,0.0229912977665662,0.0417677871882915,0.0476395078003406,0.0530631281435489,0.0417677871882915,0.0476395078003406,0.0530631281435489,0.8116,0.7604,0.6944,4.802724884456211e-11,2.0990986726587835e-11,2.3963543968200685,0.0064283607937395,0.0111147118732333,/content/drive/MyDrive/fault-tolerance-transformer/ExpB/models/base_transformer_regressor_best.pt
base_transformer_regressor,0,0,L0_H0,base_transformer_regressor_L0_H0,0.0111147118732333,0.0170139521360397,0.0058992402628064,0.01488060010291,0.0216727196712569,0.0067921195683468,0.0002214322594227,0.0004697067779488,0.0002482745185261,0.0058992421254515,0.008517587557435,-0.0026183447334915,0.0111359311267733,0.0230553839355707,0.0289223454892635,0.0431367978453636,0.0230553839355707,0.0289223454892635,0.0431367978453636,0.6289,0.4934,0.3447,0.5909235993484274,0.3928915972458974,1.125545414161682,0.0262788917660713,0.0111147118732333,/content/drive/MyDrive/fault-tolerance-transformer/ExpB/models/base_transformer_regressor_best.pt
base_transformer_regressor,3,0,L3_H0,base_transformer_regressor_L3_H0,0.0111147118732333,0.0171355381608009,0.0060208262875676,0.01488060010291,0.0208150843015145,0.0059344841986045,0.0002214322594227,0.0004332677344791,0.0002118354750564,0.0060208262875676,0.0080077843740582,-0.0019869583193212,0.0099947433918714,0.0211586169898509,0.0224547050893306,0.023988889530301,0.0211586169898509,0.0224547050893306,0.023988889530301,0.6505,0.5118,0.37,0.6154080498915213,0.5286537135738678,2.272852194595337,0.0058489779122173,0.0111147118732333,/content/drive/MyDrive/fault-tolerance-transformer/ExpB/models/base_transformer_regressor_best.pt
base_transformer_regressor,2,3,L2_H3,base_transformer_regressor_L2_H3,0.0111147118732333,0.0161164477467536,0.0050017358735203,0.01488060010291,0.0215285913671403,0.0066479912642303,0.0002214322594227,0.0004634802462533,0.0002420479868305,0.0050017363391816,0.0074602859094738,-0.0024585498031228,0.0099188359454274,0.0195942111313343,0.0267559811472892,0.0401598662137985,0.0195942111313343,0.0267559811472892,0.0401598662137985,0.6188,0.4786,0.3099,0.6417029015433751,0.4383657098460551,2.2855841842651365,0.0054485866256058,0.0111147118732333,/content/drive/MyDrive/fault-tolerance-transformer/ExpB/models/base_transformer_regressor_best.pt
base_transformer_regressor,0,6,L0_H6,base_transformer_regressor_L0_H6,0.0111147118732333,0.0152942156419157,0.0041795037686824,0.01488060010291,0.0187170343940776,0.0038364342911675,0.0002214322594227,0.000350327376509,0.0001288951170863,0.0041795037686824,0.0066923387348651,-0.0025128351990133,0.0092051746323704,0.0171982962638139,0.0202996656298637,0.0230843443423509,0.0171982962638139,0.0202996656298637,0.0230843443423509,0.6275,0.4936,0.3176,0.6785853009271363,0.5738901057812257,2.510329508972168,0.0043443187877535,0.0111147118732333,/content/drive/MyDrive/fault-tolerance-transformer/ExpB/models/base_transformer_regressor_best.pt
base_transformer_regressor,0,4,L0_H4,base_transformer_regressor_L0_H4,0.0111147118732333,0.0144058093428611,0.0032910974696278,0.01488060010291,0.0185070492907926,0.0036264491878825,0.0002214322594227,0.0003425108734518,0.0001210786140291,0.0032910977024585,0.0058329938910901,-0.0025418964214622,0.008374891243875,0.0164319574832916,0.0201154742389917,0.0298356059938669,0.0164319574832916,0.0201154742389917,0.0298356059938669,0.5712,0.41,0.248,0.7198572800220997,0.5777564637553696,2.5435566246032715,0.0056033742785453,0.0111147118732333,/content/drive/MyDrive/fault-tolerance-transformer/ExpB/models/base_transformer_regressor_best.pt
base_transformer_regressor,1,6,L1_H6,base_transformer_regressor_L1_H6,0.0111147118732333,0.0141301220282912,0.0030154101550579,0.01488060010291,0.018149274464261,0.0032686743613509,0.0002214322594227,0.000329396163579,0.0001079639041563,0.0030154110863804,0.0056750969961285,-0.0026596854440867,0.008334781974554,0.0159978568553924,0.019714655354619,0.0291627068072557,0.0159978568553924,0.019714655354619,0.0291627068072557,0.5648,0.4084,0.2454,0.7274406354064029,0.5861700453155348,1.4657342077255249,0.0203662802904844,0.0111147118732333,/content/drive/MyDrive/fault-tolerance-transformer/ExpB/models/base_transformer_regressor_best.pt
base_transformer_regressor,2,2,L2_H2,base_transformer_regressor_L2_H2,0.0111147118732333,0.0140230655670166,0.0029083536937832,0.01488060010291,0.017472399548752,0.0025917994458419,0.0002214322594227,0.0003052847459912,8.385248656850308e-05,0.0029083534609526,0.0055756769143044,-0.0026673236861824,0.0082430010661482,0.0117673045024275,0.0122773880138993,0.0130593813955783,0.0117673045024275,0.0122773880138993,0.0130593813955783,0.6357,0.5447,0.2717,0.7322155096241116,0.7422855822714058,2.56306462097168,0.0045040125757455,0.0111147118732333,/content/drive/MyDrive/fault-tolerance-transformer/ExpB/models/base_transformer_regressor_best.pt
base_transformer_regressor,2,7,L2_H7,base_transformer_regressor_L2_H7,0.0111147118732333,0.014343811199069,0.0032290993258357,0.01488060010291,0.0185706719136833,0.0036900718107733,0.0002214322594227,0.0003448698553256,0.0001234375959029,0.0032290988601744,0.0054811076261103,-0.0022520087659358,0.0077331168577075,0.0155710978433489,0.0189094003289937,0.0253983065485954,0.0155710978433489,0.0189094003289937,0.0253983065485954,0.5806,0.4069,0.2254,0.7367574135101347,0.6030731382060657,1.855968874740601,0.0134597109541296,0.0111147118732333,/content/drive/MyDrive/fault-tolerance-transformer/ExpB/models/base_transformer_regressor_best.pt
base_transformer_regressor,1,7,L1_H7,base_transformer_regressor_L1_H7,0.0111147118732333,0.0138721363618969,0.0027574244886636,0.01488060010291,0.0181642986097679,0.0032836985068579,0.0002214322594227,0.0003299417439848,0.000108509484562,0.0027574237901717,0.0054651349782943,-0.0027077118866145,0.0081728473305702,0.0151980333030223,0.017844308167696,0.0224328693002462,0.0151980333030223,0.017844308167696,0.0224328693002462,0.5707,0.4185,0.2516,0.73752453603554,0.6254304674576459,2.5833705429077147,0.0044071429912,0.0111147118732333,/content/drive/MyDrive/fault-tolerance-transformer/ExpB/models/base_transformer_regressor_best.pt
base_transformer_regressor,3,6,L3_H6,base_transformer_regressor_L3_H6,0.0111147118732333,0.0143528440967202,0.0032381322234869,0.01488060010291,0.018101370813483,0.0032207707105729,0.0002214322594227,0.0003276596253272,0.0001062273659044,0.0032381329219788,0.0053858598694205,-0.0021477274131029,0.0075335875153541,0.0133852530270814,0.0152572626248002,0.0184946041554212,0.0133852530270814,0.0152572626248002,0.0184946041554212,0.6119,0.4612,0.246,0.7413319023796718,0.6797350911259659,2.919101461410522,0.0008159475497901,0.0111147118732333,/content/drive/MyDrive/fault-tolerance-transformer/ExpB/models/base_transformer_regressor_best.pt
base_transformer_regressor,0,2,L0_H2,base_transformer_regressor_L0_H2,0.0111147118732333,0.0138410218060016,0.0027263099327683,0.01488060010291,0.0178601592061002,0.0029795591031901,0.0002214322594227,0.0003189852868672,9.75530274445191e-05,0.0027263101655989,0.0052332212217152,-0.0025069108232855,0.0077401320450007,0.0154029615223407,0.0189584549516439,0.0275353919714689,0.0154029615223407,0.0189584549516439,0.0275353919714689,0.5548,0.3782,0.2145,0.748662718550632,0.6020434335572539,2.8649282211303717,0.0014096446938812,0.0111147118732333,/content/drive/MyDrive/fault-tolerance-transformer/ExpB/models/base_transformer_regressor_best.pt
base_transformer_regressor,3,4,L3_H4,base_transformer_regressor_L3_H4,0.0111147118732333,0.0135232927277684,0.0024085808545351,0.01488060010291,0.0170475752114252,0.0021669751085151,0.0002214322594227,0.0002906198205891,6.918756116647273e-05,0.0024085810873657,0.0047951661981642,-0.0023865848779678,0.007181751076132,0.0139362877234816,0.0167844649404287,0.0200053825974464,0.0139362877234816,0.0167844649404287,0.0200053825974464,0.562,0.3858,0.1996,0.7697013014960055,0.6476776164350633,2.6719575729370115,0.0034875021092593,0.0111147118732333,/content/drive/MyDrive/fault-tolerance-transformer/ExpB/models/base_transformer_regressor_best.pt
base_transformer_regressor,3,2,L3_H2,base_transformer_regressor_L3_H2,0.0111147118732333,0.0127211567014455,0.0016064448282122,0.01488060010291,0.0167706986296888,0.0018900985267787,0.0002214322594227,0.0002812563325278,5.982407310511917e-05,0.001606444013305,0.0040613538585603,-0.0024549099616706,0.0065162642858922,0.0111472941935062,0.0131554929539561,0.0163186378777027,0.0111472941935062,0.0131554929539561,0.0163186378777027,0.552,0.3732,0.1389,0.8049442982500383,0.7238532982159418,2.445818595123291,0.0064727347657084,0.0111147118732333,/content/drive/MyDrive/fault-tolerance-transformer/ExpB/models/base_transformer_regressor_best.pt
base_transformer_regressor,0,1,L0_H1,base_transformer_regressor_L0_H1,0.0111147118732333,0.0126937925815582,0.0015790807083249,0.01488060010291,0.0168916983103513,0.0020110982074412,0.0002214322594227,0.0002853294718079,6.389721238519996e-05,0.0015790809411555,0.0038616412784904,-0.0022825603373348,0.0061442018486559,0.0120471203699707,0.0170310493558645,0.0249074101448059,0.0120471203699707,0.0170310493558645,0.0249074101448059,0.4964,0.2753,0.1306,0.8145359464566386,0.642501567671838,2.156367479324341,0.0089496250793337,0.0111147118732333,/content/drive/MyDrive/fault-tolerance-transformer/ExpB/models/base_transformer_regressor_best.pt
base_transformer_regressor,2,4,L2_H4,base_transformer_regressor_L2_H4,0.0111147118732333,0.0119996340945363,0.0008849222213029,0.01488060010291,0.0159971611949997,0.0011165610920897,0.0002214322594227,0.0002559091662988,3.447690687607974e-05,0.0008849233854562,0.0030774527695029,-0.002192529849708,0.0052699828520417,0.0084906807169318,0.0093805249780416,0.0109822647646069,0.0084906807169318,0.0093805249780416,0.0109822647646069,0.5114,0.3196,0.0276,0.8521983726454812,0.8030935790277484,2.6511734329223637,0.0024434477765113,0.0111147118732333,/content/drive/MyDrive/fault-tolerance-transformer/ExpB/models/base_transformer_regressor_best.pt
base_transformer_regressor,1,4,L1_H4,base_transformer_regressor_L1_H4,0.0111147118732333,0.0122720822691917,0.0011573703959584,0.01488060010291,0.0157708323273047,0.0008902322243947,0.0002214322594227,0.0002487191522959,2.7286892873235047e-05,0.001157370978035,0.0029699313454329,-0.0018125604838132,0.0047824922949075,0.0076985866762697,0.0090670781210064,0.0115815559402108,0.0076985866762697,0.0090670781210064,0.0115815559402108,0.5416,0.2829,0.0315,0.8573623321416289,0.8096731360278385,1.5494317747116089,0.0161565993160009,0.0111147118732333,/content/drive/MyDrive/fault-tolerance-transformer/ExpB/models/base_transformer_regressor_best.pt
base_transformer_regressor,0,3,L0_H3,base_transformer_regressor_L0_H3,0.0111147118732333,0.0116437580436468,0.0005290461704134,0.01488060010291,0.0151197257332186,0.0002391256303085,0.0002214322594227,0.0002286061062477,7.173846825025976e-06,0.0005290463450364,0.0023988289758563,-0.0018697826890274,0.0042686117812991,0.0067301942035555,0.0077444273047149,0.0093611031770706,0.0067301942035555,0.0077444273047149,0.0093611031770706,0.494,0.2242,0.0026,0.8847908146990036,0.8374368740959792,2.648912870025635,0.0032911346625536,0.0111147118732333,/content/drive/MyDrive/fault-tolerance-transformer/ExpB/models/base_transformer_regressor_best.pt
base_transformer_regressor,1,3,L1_H3,base_transformer_regressor_L1_H3,0.0111147118732333,0.0115252658724784,0.0004105539992451,0.01488060010291,0.0151383678822305,0.0002577677793205,0.0002214322594227,0.0002291701821377,7.73792271502316e-06,0.0004105551342945,0.0023722273763269,-0.0019616722129285,0.0043338988907635,0.0069320434704422,0.0084666209295392,0.0128387762233614,0.0069320434704422,0.0084666209295392,0.0128387762233614,0.4647,0.2034,0.0251,0.8860684166624323,0.8222773214860768,2.651201091766357,0.0032003176182508,0.0111147118732333,/content/drive/MyDrive/fault-tolerance-transformer/ExpB/models/base_transformer_regressor_best.pt
base_transformer_regressor,2,6,L2_H6,base_transformer_regressor_L2_H6,0.0111147118732333,0.0116643067449331,0.0005495948716998,0.01488060010291,0.01525019976146,0.00036959965855,0.0002214322594227,0.0002325685927644,1.113633334171027e-05,0.00054959586123,0.0020658313296735,-0.0015162354102358,0.003582066623494,0.0060244258493185,0.0069833169691264,0.0083807129412889,0.0060244258493185,0.0069833169691264,0.0083807129412889,0.4786,0.1671,0.0001,0.9007837795622748,0.8534133266395767,2.6494680961608887,0.0027392823800444,0.0111147118732333,/content/drive/MyDrive/fault-tolerance-transformer/ExpB/models/base_transformer_regressor_best.pt
base_transformer_regressor,1,5,L1_H5,base_transformer_regressor_L1_H5,0.0111147118732333,0.0115072224289178,0.0003925105556845,0.01488060010291,0.0150503900059049,0.0001697899029949,0.0002214322594227,0.0002265142393298,5.081979907117784e-06,0.0003925111959688,0.0019823806360363,-0.0015898692654445,0.003572249552235,0.0054355817846953,0.006390182301402,0.0080378865823149,0.0054355817846953,0.006390182301402,0.0080378865823149,0.4984,0.1339,0.0,0.9047916878056316,0.8658638051415329,2.8564557121276857,0.0014831489982083,0.0111147118732333,/content/drive/MyDrive/fault-tolerance-transformer/ExpB/models/base_transformer_regressor_best.pt
base_transformer_regressor,3,7,L3_H7,base_transformer_regressor_L3_H7,0.0111147118732333,0.0119513226673007,0.0008366107940673,0.01488060010291,0.0157903660102141,0.0009097659073041,0.0002214322594227,0.0002493356587365,2.790339931380004e-05,0.0008366113761439,0.0018648246768862,-0.0010282133007422,0.002893037861213,0.0058956751599907,0.0072985803708434,0.0089403307065367,0.0058956751599907,0.0072985803708434,0.0089403307065367,0.452,0.1406,0.0013,0.9104375785370192,0.846795638584704,2.9300163414001466,0.0006967337372712,0.0111147118732333,/content/drive/MyDrive/fault-tolerance-transformer/ExpB/models/base_transformer_regressor_best.pt
base_transformer_regressor,3,1,L3_H1,base_transformer_regressor_L3_H1,0.0111147118732333,0.011386027559638,0.0002713156864047,0.01488060010291,0.0151117666184153,0.0002311665155052,0.0002214322594227,0.0002283654903294,6.93323090672493e-06,0.0002713168505579,0.0018585203215479,-0.0015872033545747,0.003445723792538,0.0056848754175007,0.0078055909834802,0.0125301890075206,0.0056848754175007,0.0078055909834802,0.0125301890075206,0.4225,0.125,0.0266,0.91074035945624,0.8361529884811162,2.774905480957031,0.0021360312752425,0.0111147118732333,/content/drive/MyDrive/fault-tolerance-transformer/ExpB/models/base_transformer_regressor_best.pt
base_transformer_regressor,0,5,L0_H5,base_transformer_regressor_L0_H5,0.0111147118732333,0.0110773062333464,-3.740563988685608e-05,0.01488060010291,0.0147876118314617,-9.298827144831392e-05,0.0002214322594227,0.0002186734636779,-2.758795744739473e-06,-3.7405130569823086e-05,0.0015612510032951,-0.0015986561775207,0.0031599071808159,0.0049519026651978,0.006588393356651,0.0103812972083687,0.0049519026651978,0.006588393356651,0.0103812972083687,0.3935,0.0987,0.0122,0.9250173905891756,0.8617031606597401,2.851860653305054,0.0010703020906075,0.0111147118732333,/content/drive/MyDrive/fault-tolerance-transformer/ExpB/models/base_transformer_regressor_best.pt
base_transformer_regressor,1,0,L1_H0,base_transformer_regressor_L1_H0,0.0111147118732333,0.0110997753217816,-1.4936551451683044e-05,0.01488060010291,0.0147610872744451,-0.0001195128284648,0.0002214322594227,0.0002178896975237,-3.5425618989393115e-06,-1.4936347724869847e-05,0.0015316244680434,-0.0015465609030798,0.0030781852547079,0.0047599277459084,0.0060823182575404,0.0093416348099708,0.0047599277459084,0.0060823182575404,0.0093416348099708,0.4059,0.0888,0.0071,0.9264402719300286,0.872326173416735,2.8935166145324707,0.0011497538225725,0.0111147118732333,/content/drive/MyDrive/fault-tolerance-transformer/ExpB/models/base_transformer_regressor_best.pt
base_transformer_regressor,3,3,L3_H3,base_transformer_regressor_L3_H3,0.0111147118732333,0.0113830137997865,0.0002683019265532,0.01488060010291,0.0152297645135083,0.0003491644105982,0.0002214322594227,0.0002319457271369,1.0513467714190485e-05,0.0002683026250451,0.0013973823515698,-0.0011290798429399,0.0025264620780944,0.0042364504188299,0.0057708374224603,0.0079087493941187,0.0042364504188299,0.0057708374224603,0.0079087493941187,0.408,0.0735,0.0,0.9328875530941584,0.8788644616874501,2.162500872039795,0.0106083671420812,0.0111147118732333,/content/drive/MyDrive/fault-tolerance-transformer/ExpB/models/base_transformer_regressor_best.pt
base_transformer_regressor,1,2,L1_H2,base_transformer_regressor_L1_H2,0.0111147118732333,0.011101821437478,-1.2890435755252838e-05,0.01488060010291,0.0149377052197202,5.7105116810236833e-05,0.0002214322594227,0.0002231350372312,1.7027778085321188e-06,-1.2890198377135675e-05,0.0012342560803517,-0.0012471462832763,0.0024814021307975,0.0037977756001055,0.0049705202691257,0.0077337650582194,0.0037977756001055,0.0049705202691257,0.0077337650582194,0.3814,0.0493,0.0019,0.9407220610967612,0.8956639037948704,2.4135502410888674,0.0058411280371248,0.0111147118732333,/content/drive/MyDrive/fault-tolerance-transformer/ExpB/models/base_transformer_regressor_best.pt
base_transformer_regressor,1,1,L1_H1,base_transformer_regressor_L1_H1,0.0111147118732333,0.0112501690164208,0.0001354571431875,0.01488060010291,0.0148817471493051,1.1470463951133991e-06,0.0002214322594227,0.0002214663982158,3.4138793125748634e-08,0.0001354573469143,0.0010494091548025,-0.0009139517787843,0.0019633607007563,0.0032098814845085,0.0051385276019573,0.0077865119092166,0.0032098814845085,0.0051385276019573,0.0077865119092166,0.3207,0.0529,0.0002,0.9495997526338648,0.8921372650744994,2.92050383644104,0.0007786799291148,0.0111147118732333,/content/drive/MyDrive/fault-tolerance-transformer/ExpB/models/base_transformer_regressor_best.pt
base_transformer_regressor,2,5,L2_H5,base_transformer_regressor_L2_H5,0.0111147118732333,0.0111825643107295,6.78524374961853e-05,0.01488060010291,0.0149956516136785,0.0001150515107684,0.0002214322594227,0.0002248695673188,3.437307896092534e-06,6.785290315747261e-05,0.0009249104768969,-0.0008570575737394,0.001781967934221,0.0025062886998057,0.0031664713751524,0.0050726560875773,0.0025062886998057,0.0031664713751524,0.0050726560875773,0.4021,0.0105,0.0,0.9555790831309215,0.9335326597336642,2.5974717166900634,0.0032199215605854,0.0111147118732333,/content/drive/MyDrive/fault-tolerance-transformer/ExpB/models/base_transformer_regressor_best.pt
base_transformer_regressor,2,0,L2_H0,base_transformer_regressor_L2_H0,0.0111147118732333,0.0111053576692938,-9.354203939437866e-06,0.01488060010291,0.0147771849790746,-0.0001034151238354,0.0002214322594227,0.0002183651959057,-3.0670635169371963e-06,-9.354296707897449e-06,0.0008544182055629,-0.00086377246771,0.0017181906150653,0.0026093418709933,0.0030825959984213,0.0044539575465023,0.0026093418709933,0.0030825959984213,0.0044539575465023,0.3471,0.0061,0.0,0.958964633844265,0.9352932861675248,2.969301753234863,0.0003869356960058,0.0111147118732333,/content/drive/MyDrive/fault-tolerance-transformer/ExpB/models/base_transformer_regressor_best.pt
base_transformer_regressor,0,7,L0_H7,base_transformer_regressor_L0_H7,0.0111147118732333,0.0109921069815754,-0.0001226048916578,0.01488060010291,0.0147243776427145,-0.0001562224601955,0.0002214322594227,0.0002168072969652,-4.624962457455695e-06,-0.0001226040185429,0.0008462980040349,-0.0009689021389931,0.0018152002012357,0.0026741465553641,0.0037708128802478,0.0063157151453197,0.0026741465553641,0.0037708128802478,0.0063157151453197,0.2969,0.021,0.0006,0.9593546248823694,0.9208469387221144,2.9606697509765625,0.0005415509865619,0.0111147118732333,/content/drive/MyDrive/fault-tolerance-transformer/ExpB/models/base_transformer_regressor_best.pt
base_transformer_regressor,2,1,L2_H1,base_transformer_regressor_L2_H1,0.0111147118732333,0.0111061707139015,-8.541159331798553e-06,0.01488060010291,0.0148708980102836,-9.702092626450234e-06,0.0002214322594227,0.0002211436076322,-2.886517904698849e-07,-8.54094196256483e-06,0.0007845059153623,-0.0007930469000712,0.0015775527572259,0.0025365287438035,0.0034309730399399,0.0054087988100945,0.0025365287438035,0.0034309730399399,0.0054087988100945,0.2804,0.014,0.0,0.9623223296523464,0.9279805103308928,2.8270492820739745,0.0012607193823903,0.0111147118732333,/content/drive/MyDrive/fault-tolerance-transformer/ExpB/models/base_transformer_regressor_best.pt
