model,pair,copula,theta,log_likelihood,AIC,observed_cvm,bootstrap_mean_cvm,bootstrap_std_cvm,bootstrap_q05_cvm,bootstrap_q50_cvm,bootstrap_q95_cvm,bootstrap_mean_theta,bootstrap_std_theta,p_value,B,rank_CvM,rank_AIC
base_transformer_regressor,N_fail_vs_delta_mae,Clayton,4.734257645291193,8937.008594331774,-17872.017188663547,10.286895832191435,0.012260780243161505,0.004865452269690948,0.006557774564553219,0.011170913875519144,0.02113012895321803,4.732954214019808,0.07438166400858288,0.001996007984031936,500,3.0,3.0
base_transformer_regressor,N_fail_vs_delta_mae,Gumbel,5.208421202700582,12303.946036921725,-24605.89207384345,1.528992657919792,0.2754243837876727,0.026838263938508248,0.2338622695494301,0.2754244081282464,0.32472968496989396,4.420626080099746,0.027439430742004712,0.001996007984031936,500,1.0,1.0
base_transformer_regressor,N_fail_vs_delta_mae,Frank,11.845565303203035,10628.288915726678,-21254.577831453356,6.322689692488057,0.017408478470842165,0.006084033399826618,0.00952826976375788,0.015884340166071563,0.029018617608332797,11.642916515968531,0.039902334375045354,0.001996007984031936,500,2.0,2.0
base_transformer_regressor,W_fail_mean_vs_delta_mae,Clayton,0.8867617582770178,1639.026156104613,-3276.052312209226,10.049441827772347,0.020298885307897713,0.00990039333213228,0.01047460401225161,0.017877658296717863,0.036475870783188105,0.8884661030472942,0.022831854583285176,0.001996007984031936,500,1.0,1.0
base_transformer_regressor,W_fail_mean_vs_delta_mae,Gumbel,1.1222016535194481,91.2562335032833,-180.5124670065666,19.35812338217034,0.02051870896647364,0.008273864864838509,0.010872811437655618,0.018676564989487575,0.03703642367506923,1.1223713762638667,0.00739101722103627,0.001996007984031936,500,3.0,3.0
base_transformer_regressor,W_fail_mean_vs_delta_mae,Frank,1.9636293536040739,504.27957786055885,-1006.5591557211177,14.605314857405032,0.01803615721017625,0.006831643965868313,0.010111449364513327,0.016599722387121325,0.03169778321295483,1.9625468871297753,0.06524009318895559,0.001996007984031936,500,2.0,2.0
base_transformer_regressor,W_fail_vs_delta_mae,Clayton,11.533990776005496,15859.70852927268,-31717.41705854536,1.8335747535622675,0.007120020106835072,0.0022032661892071926,0.004330416376355584,0.006678912679096511,0.011316877100436017,11.50791092107696,0.15863376692931946,0.001996007984031936,500,1.0,2.0
base_transformer_regressor,W_fail_vs_delta_mae,Gumbel,5.687039803318047,16343.915483340841,-32685.830966681682,2.3465001220938198,0.40447883037885457,0.03126521844982554,0.35439937728237253,0.4045511818104325,0.4561963722127352,4.596905566676444,0.025904152163631802,0.001996007984031936,500,2.0,1.0
base_transformer_regressor,W_fail_vs_delta_mae,Frank,12.070051389223579,12170.545972638749,-24339.091945277498,9.597622252481006,0.027337119875152544,0.008818885954173215,0.015327028702108104,0.02590566976684657,0.04394062018537105,11.693067902321735,0.031714844528568036,0.001996007984031936,500,3.0,3.0
