model,pair,bootstrap_id,cvm
base_transformer_cifar10,W_fail_mean vs D_mean,0,0.019619107507093607
base_transformer_cifar10,W_fail_mean vs D_mean,1,0.02440912639465158
base_transformer_cifar10,W_fail_mean vs D_mean,2,0.0375202174191386
base_transformer_cifar10,W_fail_mean vs D_mean,3,0.019891877934568893
base_transformer_cifar10,W_fail_mean vs D_mean,4,0.017641678088849897
base_transformer_cifar10,W_fail_mean vs D_mean,5,0.02304684212973878
base_transformer_cifar10,W_fail_mean vs D_mean,6,0.02222317081055992
base_transformer_cifar10,W_fail_mean vs D_mean,7,0.022772845642857323
base_transformer_cifar10,W_fail_mean vs D_mean,8,0.014461571248340882
base_transformer_cifar10,W_fail_mean vs D_mean,9,0.016406612859883662
base_transformer_cifar10,W_fail_mean vs D_mean,10,0.021851508549464792
base_transformer_cifar10,W_fail_mean vs D_mean,11,0.026438925038068953
base_transformer_cifar10,W_fail_mean vs D_mean,12,0.01217802081422657
base_transformer_cifar10,W_fail_mean vs D_mean,13,0.034385268676523514
base_transformer_cifar10,W_fail_mean vs D_mean,14,0.02156284913362331
base_transformer_cifar10,W_fail_mean vs D_mean,15,0.013596323536221
base_transformer_cifar10,W_fail_mean vs D_mean,16,0.026195638125658574
base_transformer_cifar10,W_fail_mean vs D_mean,17,0.03016354676860137
base_transformer_cifar10,W_fail_mean vs D_mean,18,0.03319106462869053
base_transformer_cifar10,W_fail_mean vs D_mean,19,0.02460987504787613
base_transformer_cifar10,W_fail_mean vs D_mean,20,0.024360546874447525
base_transformer_cifar10,W_fail_mean vs D_mean,21,0.01511320569840242
base_transformer_cifar10,W_fail_mean vs D_mean,22,0.01447707753632941
base_transformer_cifar10,W_fail_mean vs D_mean,23,0.012328540552288802
base_transformer_cifar10,W_fail_mean vs D_mean,24,0.011806906073328842
base_transformer_cifar10,W_fail_mean vs D_mean,25,0.014915079503423297
base_transformer_cifar10,W_fail_mean vs D_mean,26,0.0313016351568388
base_transformer_cifar10,W_fail_mean vs D_mean,27,0.028339570406697507
base_transformer_cifar10,W_fail_mean vs D_mean,28,0.014780552867950877
base_transformer_cifar10,W_fail_mean vs D_mean,29,0.011604698787885986
base_transformer_cifar10,W_fail_mean vs D_mean,30,0.040186800397045655
base_transformer_cifar10,W_fail_mean vs D_mean,31,0.02303430594884047
base_transformer_cifar10,W_fail_mean vs D_mean,32,0.029635534797740767
base_transformer_cifar10,W_fail_mean vs D_mean,33,0.023287134287366482
base_transformer_cifar10,W_fail_mean vs D_mean,34,0.0360016771312783
base_transformer_cifar10,W_fail_mean vs D_mean,35,0.017104349766019426
base_transformer_cifar10,W_fail_mean vs D_mean,36,0.019118117486691316
base_transformer_cifar10,W_fail_mean vs D_mean,37,0.012950209392245761
base_transformer_cifar10,W_fail_mean vs D_mean,38,0.025332614308993452
base_transformer_cifar10,W_fail_mean vs D_mean,39,0.01382923439150608
base_transformer_cifar10,W_fail_mean vs D_mean,40,0.018946869184806633
base_transformer_cifar10,W_fail_mean vs D_mean,41,0.019542651474550594
base_transformer_cifar10,W_fail_mean vs D_mean,42,0.012504511468103365
base_transformer_cifar10,W_fail_mean vs D_mean,43,0.02810934110452476
base_transformer_cifar10,W_fail_mean vs D_mean,44,0.023937335850088337
base_transformer_cifar10,W_fail_mean vs D_mean,45,0.022620776151213332
base_transformer_cifar10,W_fail_mean vs D_mean,46,0.017007478000209422
base_transformer_cifar10,W_fail_mean vs D_mean,47,0.026194693553682747
base_transformer_cifar10,W_fail_mean vs D_mean,48,0.016965784130227424
base_transformer_cifar10,W_fail_mean vs D_mean,49,0.02744199147674399
base_transformer_cifar10,W_fail_mean vs D_mean,50,0.032283257000169326
base_transformer_cifar10,W_fail_mean vs D_mean,51,0.017724472713721958
base_transformer_cifar10,W_fail_mean vs D_mean,52,0.015266070523392482
base_transformer_cifar10,W_fail_mean vs D_mean,53,0.012782761034119804
base_transformer_cifar10,W_fail_mean vs D_mean,54,0.009983459623054643
base_transformer_cifar10,W_fail_mean vs D_mean,55,0.02016909833328768
base_transformer_cifar10,W_fail_mean vs D_mean,56,0.019346849997135596
base_transformer_cifar10,W_fail_mean vs D_mean,57,0.023549513951444563
base_transformer_cifar10,W_fail_mean vs D_mean,58,0.01988674945613412
base_transformer_cifar10,W_fail_mean vs D_mean,59,0.011966009013732692
base_transformer_cifar10,W_fail_mean vs D_mean,60,0.016600285680013212
base_transformer_cifar10,W_fail_mean vs D_mean,61,0.01594722855416271
base_transformer_cifar10,W_fail_mean vs D_mean,62,0.01141174087516601
base_transformer_cifar10,W_fail_mean vs D_mean,63,0.019870510173276797
base_transformer_cifar10,W_fail_mean vs D_mean,64,0.016985375763850327
base_transformer_cifar10,W_fail_mean vs D_mean,65,0.015370182460871653
base_transformer_cifar10,W_fail_mean vs D_mean,66,0.04107369534094855
base_transformer_cifar10,W_fail_mean vs D_mean,67,0.01856371430169831
base_transformer_cifar10,W_fail_mean vs D_mean,68,0.016594322443267577
base_transformer_cifar10,W_fail_mean vs D_mean,69,0.02888807206085015
base_transformer_cifar10,W_fail_mean vs D_mean,70,0.025402279950932156
base_transformer_cifar10,W_fail_mean vs D_mean,71,0.022401546702551837
base_transformer_cifar10,W_fail_mean vs D_mean,72,0.020245279996956793
base_transformer_cifar10,W_fail_mean vs D_mean,73,0.013272857578943429
base_transformer_cifar10,W_fail_mean vs D_mean,74,0.012783854831043715
base_transformer_cifar10,W_fail_mean vs D_mean,75,0.01685149180553795
base_transformer_cifar10,W_fail_mean vs D_mean,76,0.027381715320924274
base_transformer_cifar10,W_fail_mean vs D_mean,77,0.024354572746248887
base_transformer_cifar10,W_fail_mean vs D_mean,78,0.01745075960188243
base_transformer_cifar10,W_fail_mean vs D_mean,79,0.01981993880437017
base_transformer_cifar10,W_fail_mean vs D_mean,80,0.017537715235482355
base_transformer_cifar10,W_fail_mean vs D_mean,81,0.020313155692678785
base_transformer_cifar10,W_fail_mean vs D_mean,82,0.03170439044131217
base_transformer_cifar10,W_fail_mean vs D_mean,83,0.033118088814592994
base_transformer_cifar10,W_fail_mean vs D_mean,84,0.019289119530222318
base_transformer_cifar10,W_fail_mean vs D_mean,85,0.029221934676818623
base_transformer_cifar10,W_fail_mean vs D_mean,86,0.019847993761480644
base_transformer_cifar10,W_fail_mean vs D_mean,87,0.01431602347895371
base_transformer_cifar10,W_fail_mean vs D_mean,88,0.02099604559072619
base_transformer_cifar10,W_fail_mean vs D_mean,89,0.015809338594670236
base_transformer_cifar10,W_fail_mean vs D_mean,90,0.029709522665740992
base_transformer_cifar10,W_fail_mean vs D_mean,91,0.02740738943785235
base_transformer_cifar10,W_fail_mean vs D_mean,92,0.03126532623014435
base_transformer_cifar10,W_fail_mean vs D_mean,93,0.014157897871377306
base_transformer_cifar10,W_fail_mean vs D_mean,94,0.02139301339333301
base_transformer_cifar10,W_fail_mean vs D_mean,95,0.02821392702496775
base_transformer_cifar10,W_fail_mean vs D_mean,96,0.016113000978228174
base_transformer_cifar10,W_fail_mean vs D_mean,97,0.016998832394433817
base_transformer_cifar10,W_fail_mean vs D_mean,98,0.020558717896215443
base_transformer_cifar10,W_fail_mean vs D_mean,99,0.015612928618109026
base_transformer_cifar10,W_fail_mean vs D_mean,100,0.02117501261601444
base_transformer_cifar10,W_fail_mean vs D_mean,101,0.02418192726352406
base_transformer_cifar10,W_fail_mean vs D_mean,102,0.015522227116928543
base_transformer_cifar10,W_fail_mean vs D_mean,103,0.015203631143298355
base_transformer_cifar10,W_fail_mean vs D_mean,104,0.03109061943305346
base_transformer_cifar10,W_fail_mean vs D_mean,105,0.014184518265815002
base_transformer_cifar10,W_fail_mean vs D_mean,106,0.01654008405321667
base_transformer_cifar10,W_fail_mean vs D_mean,107,0.018557545213098502
base_transformer_cifar10,W_fail_mean vs D_mean,108,0.015408762555101659
base_transformer_cifar10,W_fail_mean vs D_mean,109,0.01987534808029955
base_transformer_cifar10,W_fail_mean vs D_mean,110,0.011290846896165187
base_transformer_cifar10,W_fail_mean vs D_mean,111,0.011235149494995024
base_transformer_cifar10,W_fail_mean vs D_mean,112,0.021310973863043377
base_transformer_cifar10,W_fail_mean vs D_mean,113,0.03225970217724371
base_transformer_cifar10,W_fail_mean vs D_mean,114,0.013728236108419254
base_transformer_cifar10,W_fail_mean vs D_mean,115,0.011428975942860936
base_transformer_cifar10,W_fail_mean vs D_mean,116,0.02008072865667588
base_transformer_cifar10,W_fail_mean vs D_mean,117,0.015851661957856464
base_transformer_cifar10,W_fail_mean vs D_mean,118,0.024088252675778413
base_transformer_cifar10,W_fail_mean vs D_mean,119,0.02638875354931273
base_transformer_cifar10,W_fail_mean vs D_mean,120,0.015650754871438494
base_transformer_cifar10,W_fail_mean vs D_mean,121,0.02989239362281982
base_transformer_cifar10,W_fail_mean vs D_mean,122,0.02038805912049386
base_transformer_cifar10,W_fail_mean vs D_mean,123,0.017243208662967614
base_transformer_cifar10,W_fail_mean vs D_mean,124,0.01917375325300445
base_transformer_cifar10,W_fail_mean vs D_mean,125,0.022007750771962216
base_transformer_cifar10,W_fail_mean vs D_mean,126,0.03316384398765676
base_transformer_cifar10,W_fail_mean vs D_mean,127,0.022376550357932096
base_transformer_cifar10,W_fail_mean vs D_mean,128,0.01961245056179255
base_transformer_cifar10,W_fail_mean vs D_mean,129,0.014450209436204585
base_transformer_cifar10,W_fail_mean vs D_mean,130,0.04996174727434277
base_transformer_cifar10,W_fail_mean vs D_mean,131,0.025145693165553096
base_transformer_cifar10,W_fail_mean vs D_mean,132,0.04820295745156114
base_transformer_cifar10,W_fail_mean vs D_mean,133,0.024710401742294462
base_transformer_cifar10,W_fail_mean vs D_mean,134,0.017694507464337057
base_transformer_cifar10,W_fail_mean vs D_mean,135,0.008935561596643703
base_transformer_cifar10,W_fail_mean vs D_mean,136,0.025343739109882947
base_transformer_cifar10,W_fail_mean vs D_mean,137,0.03441451101520391
base_transformer_cifar10,W_fail_mean vs D_mean,138,0.023714341156890483
base_transformer_cifar10,W_fail_mean vs D_mean,139,0.030405536520075275
base_transformer_cifar10,W_fail_mean vs D_mean,140,0.024029128592684794
base_transformer_cifar10,W_fail_mean vs D_mean,141,0.040466610446150235
base_transformer_cifar10,W_fail_mean vs D_mean,142,0.013649992024843925
base_transformer_cifar10,W_fail_mean vs D_mean,143,0.01978911510015753
base_transformer_cifar10,W_fail_mean vs D_mean,144,0.021508800809074115
base_transformer_cifar10,W_fail_mean vs D_mean,145,0.024738647113701467
base_transformer_cifar10,W_fail_mean vs D_mean,146,0.020027117506881513
base_transformer_cifar10,W_fail_mean vs D_mean,147,0.021628745677316825
base_transformer_cifar10,W_fail_mean vs D_mean,148,0.014356956982506629
base_transformer_cifar10,W_fail_mean vs D_mean,149,0.02242126065233757
base_transformer_cifar10,W_fail_mean vs D_mean,150,0.02069104710508169
base_transformer_cifar10,W_fail_mean vs D_mean,151,0.022074485944635618
base_transformer_cifar10,W_fail_mean vs D_mean,152,0.01098400113315438
base_transformer_cifar10,W_fail_mean vs D_mean,153,0.02700358200435958
base_transformer_cifar10,W_fail_mean vs D_mean,154,0.017056888336999875
base_transformer_cifar10,W_fail_mean vs D_mean,155,0.020078523307342708
base_transformer_cifar10,W_fail_mean vs D_mean,156,0.013821797818915672
base_transformer_cifar10,W_fail_mean vs D_mean,157,0.01115144385350961
base_transformer_cifar10,W_fail_mean vs D_mean,158,0.014064030756436727
base_transformer_cifar10,W_fail_mean vs D_mean,159,0.031335214527830474
base_transformer_cifar10,W_fail_mean vs D_mean,160,0.019499160056498155
base_transformer_cifar10,W_fail_mean vs D_mean,161,0.009854727571863363
base_transformer_cifar10,W_fail_mean vs D_mean,162,0.012723784039653008
base_transformer_cifar10,W_fail_mean vs D_mean,163,0.02086923267105468
base_transformer_cifar10,W_fail_mean vs D_mean,164,0.025806877371529802
base_transformer_cifar10,W_fail_mean vs D_mean,165,0.01353986530718317
base_transformer_cifar10,W_fail_mean vs D_mean,166,0.020452533694119694
base_transformer_cifar10,W_fail_mean vs D_mean,167,0.010879675595522442
base_transformer_cifar10,W_fail_mean vs D_mean,168,0.018546877170888616
base_transformer_cifar10,W_fail_mean vs D_mean,169,0.01593812363977941
base_transformer_cifar10,W_fail_mean vs D_mean,170,0.016209309791157835
base_transformer_cifar10,W_fail_mean vs D_mean,171,0.01342440348208539
base_transformer_cifar10,W_fail_mean vs D_mean,172,0.009575738216221803
base_transformer_cifar10,W_fail_mean vs D_mean,173,0.0174194046017582
base_transformer_cifar10,W_fail_mean vs D_mean,174,0.011994303157336359
base_transformer_cifar10,W_fail_mean vs D_mean,175,0.01784807349471449
base_transformer_cifar10,W_fail_mean vs D_mean,176,0.027628574403995198
base_transformer_cifar10,W_fail_mean vs D_mean,177,0.013792434374844433
base_transformer_cifar10,W_fail_mean vs D_mean,178,0.015767713238782746
base_transformer_cifar10,W_fail_mean vs D_mean,179,0.03482462174667853
base_transformer_cifar10,W_fail_mean vs D_mean,180,0.0298528846223075
base_transformer_cifar10,W_fail_mean vs D_mean,181,0.020860224282860648
base_transformer_cifar10,W_fail_mean vs D_mean,182,0.03168487547669794
base_transformer_cifar10,W_fail_mean vs D_mean,183,0.013335313963211156
base_transformer_cifar10,W_fail_mean vs D_mean,184,0.021846770194990456
base_transformer_cifar10,W_fail_mean vs D_mean,185,0.011363423029246882
base_transformer_cifar10,W_fail_mean vs D_mean,186,0.017750661759895946
base_transformer_cifar10,W_fail_mean vs D_mean,187,0.018919796447303565
base_transformer_cifar10,W_fail_mean vs D_mean,188,0.01997333476275816
base_transformer_cifar10,W_fail_mean vs D_mean,189,0.018975442009401298
base_transformer_cifar10,W_fail_mean vs D_mean,190,0.06760267643442414
base_transformer_cifar10,W_fail_mean vs D_mean,191,0.032808935500645155
base_transformer_cifar10,W_fail_mean vs D_mean,192,0.012913175379694289
base_transformer_cifar10,W_fail_mean vs D_mean,193,0.024944202370965597
base_transformer_cifar10,W_fail_mean vs D_mean,194,0.009629361050903102
base_transformer_cifar10,W_fail_mean vs D_mean,195,0.021630869325245477
base_transformer_cifar10,W_fail_mean vs D_mean,196,0.026417096704982206
base_transformer_cifar10,W_fail_mean vs D_mean,197,0.02302167720006986
base_transformer_cifar10,W_fail_mean vs D_mean,198,0.016140728522554423
base_transformer_cifar10,W_fail_mean vs D_mean,199,0.01194868791866404
base_transformer_cifar10,W_fail_mean vs D_mean,200,0.0458195890929208
base_transformer_cifar10,W_fail_mean vs D_mean,201,0.013098211149975093
base_transformer_cifar10,W_fail_mean vs D_mean,202,0.021125449258647316
base_transformer_cifar10,W_fail_mean vs D_mean,203,0.030832346119978295
base_transformer_cifar10,W_fail_mean vs D_mean,204,0.0337209982208089
base_transformer_cifar10,W_fail_mean vs D_mean,205,0.017571521103331628
base_transformer_cifar10,W_fail_mean vs D_mean,206,0.016181239087439257
base_transformer_cifar10,W_fail_mean vs D_mean,207,0.02235313464136116
base_transformer_cifar10,W_fail_mean vs D_mean,208,0.01652256763021899
base_transformer_cifar10,W_fail_mean vs D_mean,209,0.03461632365153771
base_transformer_cifar10,W_fail_mean vs D_mean,210,0.02780726424914002
base_transformer_cifar10,W_fail_mean vs D_mean,211,0.01650451451404774
base_transformer_cifar10,W_fail_mean vs D_mean,212,0.01565991279466456
base_transformer_cifar10,W_fail_mean vs D_mean,213,0.02252232041957899
base_transformer_cifar10,W_fail_mean vs D_mean,214,0.017554555342868882
base_transformer_cifar10,W_fail_mean vs D_mean,215,0.020172614867597066
base_transformer_cifar10,W_fail_mean vs D_mean,216,0.013165417917240692
base_transformer_cifar10,W_fail_mean vs D_mean,217,0.04610895548712517
base_transformer_cifar10,W_fail_mean vs D_mean,218,0.027330655362697638
base_transformer_cifar10,W_fail_mean vs D_mean,219,0.013382627610267829
base_transformer_cifar10,W_fail_mean vs D_mean,220,0.03183398587984263
base_transformer_cifar10,W_fail_mean vs D_mean,221,0.02572748620998348
base_transformer_cifar10,W_fail_mean vs D_mean,222,0.021247311064044965
base_transformer_cifar10,W_fail_mean vs D_mean,223,0.013309787936126808
base_transformer_cifar10,W_fail_mean vs D_mean,224,0.024392835494689607
base_transformer_cifar10,W_fail_mean vs D_mean,225,0.028707747365605718
base_transformer_cifar10,W_fail_mean vs D_mean,226,0.019143697869387973
base_transformer_cifar10,W_fail_mean vs D_mean,227,0.027594817116527514
base_transformer_cifar10,W_fail_mean vs D_mean,228,0.021658962023181225
base_transformer_cifar10,W_fail_mean vs D_mean,229,0.01896522991698386
base_transformer_cifar10,W_fail_mean vs D_mean,230,0.017546349835991803
base_transformer_cifar10,W_fail_mean vs D_mean,231,0.01928480473740149
base_transformer_cifar10,W_fail_mean vs D_mean,232,0.015064314059464203
base_transformer_cifar10,W_fail_mean vs D_mean,233,0.01754289288398589
base_transformer_cifar10,W_fail_mean vs D_mean,234,0.056292233651756035
base_transformer_cifar10,W_fail_mean vs D_mean,235,0.0140833494912528
base_transformer_cifar10,W_fail_mean vs D_mean,236,0.01405150321883377
base_transformer_cifar10,W_fail_mean vs D_mean,237,0.023375425905981403
base_transformer_cifar10,W_fail_mean vs D_mean,238,0.017541539944359495
base_transformer_cifar10,W_fail_mean vs D_mean,239,0.04730199053331732
base_transformer_cifar10,W_fail_mean vs D_mean,240,0.013427663210202164
base_transformer_cifar10,W_fail_mean vs D_mean,241,0.022193033977427962
base_transformer_cifar10,W_fail_mean vs D_mean,242,0.01211839586521328
base_transformer_cifar10,W_fail_mean vs D_mean,243,0.0277647831925887
base_transformer_cifar10,W_fail_mean vs D_mean,244,0.016022678596615856
base_transformer_cifar10,W_fail_mean vs D_mean,245,0.021958695579893713
base_transformer_cifar10,W_fail_mean vs D_mean,246,0.024640942380824756
base_transformer_cifar10,W_fail_mean vs D_mean,247,0.024303110847013278
base_transformer_cifar10,W_fail_mean vs D_mean,248,0.011225905310859298
base_transformer_cifar10,W_fail_mean vs D_mean,249,0.0558956572950344
base_transformer_cifar10,W_fail_mean vs D_mean,250,0.009729242132433827
base_transformer_cifar10,W_fail_mean vs D_mean,251,0.0107248731936283
base_transformer_cifar10,W_fail_mean vs D_mean,252,0.03417295832163031
base_transformer_cifar10,W_fail_mean vs D_mean,253,0.024076849992957387
base_transformer_cifar10,W_fail_mean vs D_mean,254,0.01328388538290495
base_transformer_cifar10,W_fail_mean vs D_mean,255,0.0184547250546599
base_transformer_cifar10,W_fail_mean vs D_mean,256,0.010336366978834709
base_transformer_cifar10,W_fail_mean vs D_mean,257,0.015492122366916819
base_transformer_cifar10,W_fail_mean vs D_mean,258,0.02362734814920642
base_transformer_cifar10,W_fail_mean vs D_mean,259,0.023621411804409694
base_transformer_cifar10,W_fail_mean vs D_mean,260,0.014932689475227218
base_transformer_cifar10,W_fail_mean vs D_mean,261,0.021884708454476348
base_transformer_cifar10,W_fail_mean vs D_mean,262,0.015671872737302972
base_transformer_cifar10,W_fail_mean vs D_mean,263,0.021626529667453213
base_transformer_cifar10,W_fail_mean vs D_mean,264,0.016224467217660764
base_transformer_cifar10,W_fail_mean vs D_mean,265,0.02921780770917675
base_transformer_cifar10,W_fail_mean vs D_mean,266,0.033265019364929996
base_transformer_cifar10,W_fail_mean vs D_mean,267,0.017098362981104107
base_transformer_cifar10,W_fail_mean vs D_mean,268,0.016511090983637785
base_transformer_cifar10,W_fail_mean vs D_mean,269,0.02176362833073695
base_transformer_cifar10,W_fail_mean vs D_mean,270,0.022617871807267303
base_transformer_cifar10,W_fail_mean vs D_mean,271,0.021245179587663414
base_transformer_cifar10,W_fail_mean vs D_mean,272,0.01871271469275739
base_transformer_cifar10,W_fail_mean vs D_mean,273,0.02366418035858311
base_transformer_cifar10,W_fail_mean vs D_mean,274,0.024592483516744805
base_transformer_cifar10,W_fail_mean vs D_mean,275,0.02700101804080545
base_transformer_cifar10,W_fail_mean vs D_mean,276,0.013270480489675886
base_transformer_cifar10,W_fail_mean vs D_mean,277,0.013721267232634924
base_transformer_cifar10,W_fail_mean vs D_mean,278,0.0202304507933349
base_transformer_cifar10,W_fail_mean vs D_mean,279,0.009748321872896438
base_transformer_cifar10,W_fail_mean vs D_mean,280,0.03590295441809195
base_transformer_cifar10,W_fail_mean vs D_mean,281,0.016301786286563983
base_transformer_cifar10,W_fail_mean vs D_mean,282,0.016040948894494624
base_transformer_cifar10,W_fail_mean vs D_mean,283,0.011707620758208482
base_transformer_cifar10,W_fail_mean vs D_mean,284,0.017884695468070772
base_transformer_cifar10,W_fail_mean vs D_mean,285,0.01554431528252691
base_transformer_cifar10,W_fail_mean vs D_mean,286,0.03310405324818661
base_transformer_cifar10,W_fail_mean vs D_mean,287,0.009940250771495258
base_transformer_cifar10,W_fail_mean vs D_mean,288,0.011790621690209882
base_transformer_cifar10,W_fail_mean vs D_mean,289,0.013648199193453264
base_transformer_cifar10,W_fail_mean vs D_mean,290,0.018954694296740265
base_transformer_cifar10,W_fail_mean vs D_mean,291,0.020276826941187376
base_transformer_cifar10,W_fail_mean vs D_mean,292,0.010376451132203954
base_transformer_cifar10,W_fail_mean vs D_mean,293,0.03179267013051524
base_transformer_cifar10,W_fail_mean vs D_mean,294,0.029084594938714195
base_transformer_cifar10,W_fail_mean vs D_mean,295,0.02672699121353666
base_transformer_cifar10,W_fail_mean vs D_mean,296,0.021187738291227068
base_transformer_cifar10,W_fail_mean vs D_mean,297,0.04400129834663126
base_transformer_cifar10,W_fail_mean vs D_mean,298,0.052256771564703056
base_transformer_cifar10,W_fail_mean vs D_mean,299,0.02204130391182847
base_transformer_cifar10,W_fail_mean vs D_mean,300,0.02215851062060258
base_transformer_cifar10,W_fail_mean vs D_mean,301,0.014747343384313895
base_transformer_cifar10,W_fail_mean vs D_mean,302,0.009376781759949214
base_transformer_cifar10,W_fail_mean vs D_mean,303,0.015069336976150857
base_transformer_cifar10,W_fail_mean vs D_mean,304,0.016923175341236052
base_transformer_cifar10,W_fail_mean vs D_mean,305,0.016866637395370514
base_transformer_cifar10,W_fail_mean vs D_mean,306,0.037247399404617264
base_transformer_cifar10,W_fail_mean vs D_mean,307,0.012373869681538068
base_transformer_cifar10,W_fail_mean vs D_mean,308,0.02562270919761246
base_transformer_cifar10,W_fail_mean vs D_mean,309,0.014153280527394764
base_transformer_cifar10,W_fail_mean vs D_mean,310,0.013892184912243123
base_transformer_cifar10,W_fail_mean vs D_mean,311,0.011923264124377532
base_transformer_cifar10,W_fail_mean vs D_mean,312,0.013040292380729136
base_transformer_cifar10,W_fail_mean vs D_mean,313,0.011565071867280565
base_transformer_cifar10,W_fail_mean vs D_mean,314,0.01517807311818212
base_transformer_cifar10,W_fail_mean vs D_mean,315,0.017610385727383417
base_transformer_cifar10,W_fail_mean vs D_mean,316,0.009871497161257188
base_transformer_cifar10,W_fail_mean vs D_mean,317,0.012438545224126211
base_transformer_cifar10,W_fail_mean vs D_mean,318,0.029128598274269328
base_transformer_cifar10,W_fail_mean vs D_mean,319,0.0199238845148465
base_transformer_cifar10,W_fail_mean vs D_mean,320,0.018464951692503014
base_transformer_cifar10,W_fail_mean vs D_mean,321,0.020114213321441688
base_transformer_cifar10,W_fail_mean vs D_mean,322,0.021348130810023576
base_transformer_cifar10,W_fail_mean vs D_mean,323,0.01629108584098571
base_transformer_cifar10,W_fail_mean vs D_mean,324,0.0167720500964838
base_transformer_cifar10,W_fail_mean vs D_mean,325,0.025769090742211898
base_transformer_cifar10,W_fail_mean vs D_mean,326,0.02909540146059578
base_transformer_cifar10,W_fail_mean vs D_mean,327,0.02260408732892089
base_transformer_cifar10,W_fail_mean vs D_mean,328,0.03311226832722639
base_transformer_cifar10,W_fail_mean vs D_mean,329,0.015008799958678171
base_transformer_cifar10,W_fail_mean vs D_mean,330,0.019238778243471637
base_transformer_cifar10,W_fail_mean vs D_mean,331,0.01589719847779348
base_transformer_cifar10,W_fail_mean vs D_mean,332,0.023191526377470274
base_transformer_cifar10,W_fail_mean vs D_mean,333,0.01982464255690217
base_transformer_cifar10,W_fail_mean vs D_mean,334,0.014744912586382657
base_transformer_cifar10,W_fail_mean vs D_mean,335,0.029377998108196187
base_transformer_cifar10,W_fail_mean vs D_mean,336,0.01557257262997043
base_transformer_cifar10,W_fail_mean vs D_mean,337,0.011811173487431532
base_transformer_cifar10,W_fail_mean vs D_mean,338,0.012975954838884347
base_transformer_cifar10,W_fail_mean vs D_mean,339,0.009782666501086503
base_transformer_cifar10,W_fail_mean vs D_mean,340,0.02244184116622097
base_transformer_cifar10,W_fail_mean vs D_mean,341,0.021521428576892015
base_transformer_cifar10,W_fail_mean vs D_mean,342,0.037782644502730674
base_transformer_cifar10,W_fail_mean vs D_mean,343,0.015167976818581114
base_transformer_cifar10,W_fail_mean vs D_mean,344,0.03586569221797647
base_transformer_cifar10,W_fail_mean vs D_mean,345,0.024204229499668526
base_transformer_cifar10,W_fail_mean vs D_mean,346,0.0168256193595267
base_transformer_cifar10,W_fail_mean vs D_mean,347,0.014252562295434503
base_transformer_cifar10,W_fail_mean vs D_mean,348,0.02091443840439431
base_transformer_cifar10,W_fail_mean vs D_mean,349,0.017634123467061544
base_transformer_cifar10,W_fail_mean vs D_mean,350,0.01992843071670894
base_transformer_cifar10,W_fail_mean vs D_mean,351,0.011578743672736806
base_transformer_cifar10,W_fail_mean vs D_mean,352,0.04776916572675835
base_transformer_cifar10,W_fail_mean vs D_mean,353,0.03045253823990588
base_transformer_cifar10,W_fail_mean vs D_mean,354,0.020084191020813894
base_transformer_cifar10,W_fail_mean vs D_mean,355,0.011033280534579503
base_transformer_cifar10,W_fail_mean vs D_mean,356,0.012125606222111923
base_transformer_cifar10,W_fail_mean vs D_mean,357,0.01107403543934228
base_transformer_cifar10,W_fail_mean vs D_mean,358,0.025910367936881826
base_transformer_cifar10,W_fail_mean vs D_mean,359,0.042740333303906655
base_transformer_cifar10,W_fail_mean vs D_mean,360,0.017845258711418326
base_transformer_cifar10,W_fail_mean vs D_mean,361,0.00890638021613098
base_transformer_cifar10,W_fail_mean vs D_mean,362,0.05143331729633381
base_transformer_cifar10,W_fail_mean vs D_mean,363,0.012674296159087184
base_transformer_cifar10,W_fail_mean vs D_mean,364,0.020274149849085897
base_transformer_cifar10,W_fail_mean vs D_mean,365,0.018047708498840062
base_transformer_cifar10,W_fail_mean vs D_mean,366,0.04740007718726554
base_transformer_cifar10,W_fail_mean vs D_mean,367,0.01834621086463004
base_transformer_cifar10,W_fail_mean vs D_mean,368,0.019059224196696322
base_transformer_cifar10,W_fail_mean vs D_mean,369,0.022196801867442495
base_transformer_cifar10,W_fail_mean vs D_mean,370,0.028606853013823288
base_transformer_cifar10,W_fail_mean vs D_mean,371,0.03928287017626063
base_transformer_cifar10,W_fail_mean vs D_mean,372,0.024735865501705222
base_transformer_cifar10,W_fail_mean vs D_mean,373,0.01716010131327706
base_transformer_cifar10,W_fail_mean vs D_mean,374,0.015785846481720295
base_transformer_cifar10,W_fail_mean vs D_mean,375,0.037755180476438624
base_transformer_cifar10,W_fail_mean vs D_mean,376,0.024396031100575054
base_transformer_cifar10,W_fail_mean vs D_mean,377,0.016362299809366293
base_transformer_cifar10,W_fail_mean vs D_mean,378,0.014913882097379288
base_transformer_cifar10,W_fail_mean vs D_mean,379,0.01121149513759942
base_transformer_cifar10,W_fail_mean vs D_mean,380,0.030574499182029202
base_transformer_cifar10,W_fail_mean vs D_mean,381,0.022282701848977952
base_transformer_cifar10,W_fail_mean vs D_mean,382,0.02614708347379304
base_transformer_cifar10,W_fail_mean vs D_mean,383,0.019949446703480454
base_transformer_cifar10,W_fail_mean vs D_mean,384,0.03762085247139603
base_transformer_cifar10,W_fail_mean vs D_mean,385,0.02632969551329031
base_transformer_cifar10,W_fail_mean vs D_mean,386,0.019746018809171886
base_transformer_cifar10,W_fail_mean vs D_mean,387,0.014367622067385961
base_transformer_cifar10,W_fail_mean vs D_mean,388,0.029839750259767723
base_transformer_cifar10,W_fail_mean vs D_mean,389,0.03284893200713074
base_transformer_cifar10,W_fail_mean vs D_mean,390,0.027169315804576016
base_transformer_cifar10,W_fail_mean vs D_mean,391,0.017324837545208954
base_transformer_cifar10,W_fail_mean vs D_mean,392,0.0203057007430438
base_transformer_cifar10,W_fail_mean vs D_mean,393,0.012949421663641575
base_transformer_cifar10,W_fail_mean vs D_mean,394,0.02255741326936481
base_transformer_cifar10,W_fail_mean vs D_mean,395,0.024262327701616505
base_transformer_cifar10,W_fail_mean vs D_mean,396,0.017398257051505734
base_transformer_cifar10,W_fail_mean vs D_mean,397,0.01792134638795221
base_transformer_cifar10,W_fail_mean vs D_mean,398,0.012008557969783866
base_transformer_cifar10,W_fail_mean vs D_mean,399,0.01990246732341938
base_transformer_cifar10,W_fail_mean vs D_mean,400,0.015931680795415043
base_transformer_cifar10,W_fail_mean vs D_mean,401,0.023800238958344398
base_transformer_cifar10,W_fail_mean vs D_mean,402,0.035756601612330685
base_transformer_cifar10,W_fail_mean vs D_mean,403,0.02760368279554516
base_transformer_cifar10,W_fail_mean vs D_mean,404,0.013216644163537251
base_transformer_cifar10,W_fail_mean vs D_mean,405,0.016449511619014385
base_transformer_cifar10,W_fail_mean vs D_mean,406,0.022000940884617248
base_transformer_cifar10,W_fail_mean vs D_mean,407,0.01599384221499276
base_transformer_cifar10,W_fail_mean vs D_mean,408,0.0129335476914321
base_transformer_cifar10,W_fail_mean vs D_mean,409,0.01436592529112409
base_transformer_cifar10,W_fail_mean vs D_mean,410,0.016711326729178723
base_transformer_cifar10,W_fail_mean vs D_mean,411,0.017416258753154997
base_transformer_cifar10,W_fail_mean vs D_mean,412,0.012529095660885347
base_transformer_cifar10,W_fail_mean vs D_mean,413,0.012784277220473577
base_transformer_cifar10,W_fail_mean vs D_mean,414,0.011916132885941517
base_transformer_cifar10,W_fail_mean vs D_mean,415,0.022525468811765384
base_transformer_cifar10,W_fail_mean vs D_mean,416,0.01183283178927922
base_transformer_cifar10,W_fail_mean vs D_mean,417,0.01686003671295781
base_transformer_cifar10,W_fail_mean vs D_mean,418,0.016425431727038364
base_transformer_cifar10,W_fail_mean vs D_mean,419,0.01576958580806107
base_transformer_cifar10,W_fail_mean vs D_mean,420,0.017348308197105006
base_transformer_cifar10,W_fail_mean vs D_mean,421,0.02245527670021302
base_transformer_cifar10,W_fail_mean vs D_mean,422,0.02412706845397538
base_transformer_cifar10,W_fail_mean vs D_mean,423,0.024765019210583557
base_transformer_cifar10,W_fail_mean vs D_mean,424,0.020933718838431647
base_transformer_cifar10,W_fail_mean vs D_mean,425,0.024036048324473744
base_transformer_cifar10,W_fail_mean vs D_mean,426,0.015800462284671545
base_transformer_cifar10,W_fail_mean vs D_mean,427,0.012683535784239357
base_transformer_cifar10,W_fail_mean vs D_mean,428,0.038746940599792126
base_transformer_cifar10,W_fail_mean vs D_mean,429,0.0241814885729019
base_transformer_cifar10,W_fail_mean vs D_mean,430,0.02360605181861112
base_transformer_cifar10,W_fail_mean vs D_mean,431,0.013300532764696626
base_transformer_cifar10,W_fail_mean vs D_mean,432,0.04407341941453205
base_transformer_cifar10,W_fail_mean vs D_mean,433,0.019727337790754765
base_transformer_cifar10,W_fail_mean vs D_mean,434,0.018674986871340712
base_transformer_cifar10,W_fail_mean vs D_mean,435,0.021573033287852244
base_transformer_cifar10,W_fail_mean vs D_mean,436,0.048251060586747566
base_transformer_cifar10,W_fail_mean vs D_mean,437,0.037928839439547446
base_transformer_cifar10,W_fail_mean vs D_mean,438,0.013437286829745976
base_transformer_cifar10,W_fail_mean vs D_mean,439,0.02153067458453553
base_transformer_cifar10,W_fail_mean vs D_mean,440,0.02619236204111674
base_transformer_cifar10,W_fail_mean vs D_mean,441,0.021167770026851877
base_transformer_cifar10,W_fail_mean vs D_mean,442,0.023816190386090706
base_transformer_cifar10,W_fail_mean vs D_mean,443,0.01992928358246573
base_transformer_cifar10,W_fail_mean vs D_mean,444,0.013196798739252794
base_transformer_cifar10,W_fail_mean vs D_mean,445,0.014141466052841039
base_transformer_cifar10,W_fail_mean vs D_mean,446,0.021787748552323932
base_transformer_cifar10,W_fail_mean vs D_mean,447,0.011436427071070936
base_transformer_cifar10,W_fail_mean vs D_mean,448,0.017515761839026485
base_transformer_cifar10,W_fail_mean vs D_mean,449,0.02598755256103288
base_transformer_cifar10,W_fail_mean vs D_mean,450,0.017667257242504182
base_transformer_cifar10,W_fail_mean vs D_mean,451,0.03619582949869312
base_transformer_cifar10,W_fail_mean vs D_mean,452,0.01462995006051462
base_transformer_cifar10,W_fail_mean vs D_mean,453,0.042824779933900034
base_transformer_cifar10,W_fail_mean vs D_mean,454,0.013845059585673374
base_transformer_cifar10,W_fail_mean vs D_mean,455,0.04219257000177298
base_transformer_cifar10,W_fail_mean vs D_mean,456,0.02066735508512899
base_transformer_cifar10,W_fail_mean vs D_mean,457,0.015669996333778136
base_transformer_cifar10,W_fail_mean vs D_mean,458,0.027753554288927444
base_transformer_cifar10,W_fail_mean vs D_mean,459,0.018135938409197493
base_transformer_cifar10,W_fail_mean vs D_mean,460,0.009430858592922895
base_transformer_cifar10,W_fail_mean vs D_mean,461,0.016888511219771356
base_transformer_cifar10,W_fail_mean vs D_mean,462,0.028655817180056324
base_transformer_cifar10,W_fail_mean vs D_mean,463,0.012624122090446287
base_transformer_cifar10,W_fail_mean vs D_mean,464,0.013476115857516655
base_transformer_cifar10,W_fail_mean vs D_mean,465,0.012374047594722704
base_transformer_cifar10,W_fail_mean vs D_mean,466,0.017952660193155518
base_transformer_cifar10,W_fail_mean vs D_mean,467,0.021781411660300676
base_transformer_cifar10,W_fail_mean vs D_mean,468,0.021164265112284683
base_transformer_cifar10,W_fail_mean vs D_mean,469,0.022893765903551737
base_transformer_cifar10,W_fail_mean vs D_mean,470,0.015818490329546984
base_transformer_cifar10,W_fail_mean vs D_mean,471,0.021565532072192067
base_transformer_cifar10,W_fail_mean vs D_mean,472,0.015422595348819831
base_transformer_cifar10,W_fail_mean vs D_mean,473,0.0343358638866134
base_transformer_cifar10,W_fail_mean vs D_mean,474,0.009486937052810932
base_transformer_cifar10,W_fail_mean vs D_mean,475,0.01194542815263622
base_transformer_cifar10,W_fail_mean vs D_mean,476,0.026339062340099466
base_transformer_cifar10,W_fail_mean vs D_mean,477,0.012657853636515861
base_transformer_cifar10,W_fail_mean vs D_mean,478,0.012664032792505664
base_transformer_cifar10,W_fail_mean vs D_mean,479,0.02657054125902397
base_transformer_cifar10,W_fail_mean vs D_mean,480,0.02403808941627141
base_transformer_cifar10,W_fail_mean vs D_mean,481,0.024654420731534427
base_transformer_cifar10,W_fail_mean vs D_mean,482,0.029962760815131256
base_transformer_cifar10,W_fail_mean vs D_mean,483,0.026191392404901224
base_transformer_cifar10,W_fail_mean vs D_mean,484,0.015568000906324203
base_transformer_cifar10,W_fail_mean vs D_mean,485,0.03520123372239633
base_transformer_cifar10,W_fail_mean vs D_mean,486,0.012837660424757091
base_transformer_cifar10,W_fail_mean vs D_mean,487,0.02687696287800269
base_transformer_cifar10,W_fail_mean vs D_mean,488,0.052928586696223204
base_transformer_cifar10,W_fail_mean vs D_mean,489,0.035993828568489136
base_transformer_cifar10,W_fail_mean vs D_mean,490,0.015512647874569272
base_transformer_cifar10,W_fail_mean vs D_mean,491,0.01843851120376255
base_transformer_cifar10,W_fail_mean vs D_mean,492,0.010605530493710897
base_transformer_cifar10,W_fail_mean vs D_mean,493,0.014746568292087163
base_transformer_cifar10,W_fail_mean vs D_mean,494,0.034003661735162026
base_transformer_cifar10,W_fail_mean vs D_mean,495,0.02585228138601852
base_transformer_cifar10,W_fail_mean vs D_mean,496,0.014186125729688956
base_transformer_cifar10,W_fail_mean vs D_mean,497,0.02185031463565979
base_transformer_cifar10,W_fail_mean vs D_mean,498,0.01607580955546946
base_transformer_cifar10,W_fail_mean vs D_mean,499,0.01351840278782107
