var1,var2,correlation,model,matrix,method
delta_mae,delta_mae,1.0,base_transformer_regressor,degradation_matrix,pearson
N_fail,delta_mae,0.9304015848853879,base_transformer_regressor,degradation_matrix,pearson
W_fail,delta_mae,0.9729167065184928,base_transformer_regressor,degradation_matrix,pearson
W_fail_mean,delta_mae,0.22211105407454254,base_transformer_regressor,degradation_matrix,pearson
delta_mae,N_fail,0.9304015848853879,base_transformer_regressor,degradation_matrix,pearson
N_fail,N_fail,1.0,base_transformer_regressor,degradation_matrix,pearson
W_fail,N_fail,0.9671587642856537,base_transformer_regressor,degradation_matrix,pearson
W_fail_mean,N_fail,0.016771772948192126,base_transformer_regressor,degradation_matrix,pearson
delta_mae,W_fail,0.9729167065184928,base_transformer_regressor,degradation_matrix,pearson
N_fail,W_fail,0.9671587642856537,base_transformer_regressor,degradation_matrix,pearson
W_fail,W_fail,1.0,base_transformer_regressor,degradation_matrix,pearson
W_fail_mean,W_fail,0.1926463995315641,base_transformer_regressor,degradation_matrix,pearson
delta_mae,W_fail_mean,0.22211105407454254,base_transformer_regressor,degradation_matrix,pearson
N_fail,W_fail_mean,0.016771772948192126,base_transformer_regressor,degradation_matrix,pearson
W_fail,W_fail_mean,0.1926463995315641,base_transformer_regressor,degradation_matrix,pearson
W_fail_mean,W_fail_mean,1.0,base_transformer_regressor,degradation_matrix,pearson
delta_mae,delta_mae,1.0,base_transformer_regressor,degradation_matrix,spearman
N_fail,delta_mae,0.9317910512292267,base_transformer_regressor,degradation_matrix,spearman
W_fail,delta_mae,0.9732572935257784,base_transformer_regressor,degradation_matrix,spearman
W_fail_mean,delta_mae,0.3523654520439305,base_transformer_regressor,degradation_matrix,spearman
delta_mae,N_fail,0.9317910512292267,base_transformer_regressor,degradation_matrix,spearman
N_fail,N_fail,1.0,base_transformer_regressor,degradation_matrix,spearman
W_fail,N_fail,0.9672295170637385,base_transformer_regressor,degradation_matrix,spearman
W_fail_mean,N_fail,0.10163990212480603,base_transformer_regressor,degradation_matrix,spearman
delta_mae,W_fail,0.9732572935257784,base_transformer_regressor,degradation_matrix,spearman
N_fail,W_fail,0.9672295170637385,base_transformer_regressor,degradation_matrix,spearman
W_fail,W_fail,1.0,base_transformer_regressor,degradation_matrix,spearman
W_fail_mean,W_fail,0.3215074837417307,base_transformer_regressor,degradation_matrix,spearman
delta_mae,W_fail_mean,0.3523654520439305,base_transformer_regressor,degradation_matrix,spearman
N_fail,W_fail_mean,0.10163990212480603,base_transformer_regressor,degradation_matrix,spearman
W_fail,W_fail_mean,0.3215074837417307,base_transformer_regressor,degradation_matrix,spearman
W_fail_mean,W_fail_mean,1.0,base_transformer_regressor,degradation_matrix,spearman
delta_mae,delta_mae,1.0,base_transformer_regressor,degradation_matrix,kendall
N_fail,delta_mae,0.7868551693726408,base_transformer_regressor,degradation_matrix,kendall
W_fail,delta_mae,0.8590320260427714,base_transformer_regressor,degradation_matrix,kendall
W_fail_mean,delta_mae,0.23545359816331513,base_transformer_regressor,degradation_matrix,kendall
delta_mae,N_fail,0.7868551693726408,base_transformer_regressor,degradation_matrix,kendall
N_fail,N_fail,1.0,base_transformer_regressor,degradation_matrix,kendall
W_fail,N_fail,0.8532772509983416,base_transformer_regressor,degradation_matrix,kendall
W_fail_mean,N_fail,0.0658745816974108,base_transformer_regressor,degradation_matrix,kendall
delta_mae,W_fail,0.8590320260427714,base_transformer_regressor,degradation_matrix,kendall
N_fail,W_fail,0.8532772509983416,base_transformer_regressor,degradation_matrix,kendall
W_fail,W_fail,1.0,base_transformer_regressor,degradation_matrix,kendall
W_fail_mean,W_fail,0.22465638683267292,base_transformer_regressor,degradation_matrix,kendall
delta_mae,W_fail_mean,0.23545359816331513,base_transformer_regressor,degradation_matrix,kendall
N_fail,W_fail_mean,0.0658745816974108,base_transformer_regressor,degradation_matrix,kendall
W_fail,W_fail_mean,0.22465638683267292,base_transformer_regressor,degradation_matrix,kendall
W_fail_mean,W_fail_mean,1.0,base_transformer_regressor,degradation_matrix,kendall
q95_harmful_error_change,q95_harmful_error_change,1.0,base_transformer_regressor,tail_risk_matrix,pearson
N_fail,q95_harmful_error_change,0.9300152600684847,base_transformer_regressor,tail_risk_matrix,pearson
W_fail_mean,q95_harmful_error_change,0.22709434482007543,base_transformer_regressor,tail_risk_matrix,pearson
q95_harmful_error_change,N_fail,0.9300152600684847,base_transformer_regressor,tail_risk_matrix,pearson
N_fail,N_fail,1.0,base_transformer_regressor,tail_risk_matrix,pearson
W_fail_mean,N_fail,0.016771772948192126,base_transformer_regressor,tail_risk_matrix,pearson
q95_harmful_error_change,W_fail_mean,0.22709434482007543,base_transformer_regressor,tail_risk_matrix,pearson
N_fail,W_fail_mean,0.016771772948192126,base_transformer_regressor,tail_risk_matrix,pearson
W_fail_mean,W_fail_mean,1.0,base_transformer_regressor,tail_risk_matrix,pearson
q95_harmful_error_change,q95_harmful_error_change,1.0,base_transformer_regressor,tail_risk_matrix,spearman
N_fail,q95_harmful_error_change,0.9318699498113511,base_transformer_regressor,tail_risk_matrix,spearman
W_fail_mean,q95_harmful_error_change,0.34824666974510315,base_transformer_regressor,tail_risk_matrix,spearman
q95_harmful_error_change,N_fail,0.9318699498113511,base_transformer_regressor,tail_risk_matrix,spearman
N_fail,N_fail,1.0,base_transformer_regressor,tail_risk_matrix,spearman
W_fail_mean,N_fail,0.10163990212480603,base_transformer_regressor,tail_risk_matrix,spearman
q95_harmful_error_change,W_fail_mean,0.34824666974510315,base_transformer_regressor,tail_risk_matrix,spearman
N_fail,W_fail_mean,0.10163990212480603,base_transformer_regressor,tail_risk_matrix,spearman
W_fail_mean,W_fail_mean,1.0,base_transformer_regressor,tail_risk_matrix,spearman
q95_harmful_error_change,q95_harmful_error_change,1.0,base_transformer_regressor,tail_risk_matrix,kendall
N_fail,q95_harmful_error_change,0.7876972419180527,base_transformer_regressor,tail_risk_matrix,kendall
W_fail_mean,q95_harmful_error_change,0.23146963295611422,base_transformer_regressor,tail_risk_matrix,kendall
q95_harmful_error_change,N_fail,0.7876972419180527,base_transformer_regressor,tail_risk_matrix,kendall
N_fail,N_fail,1.0,base_transformer_regressor,tail_risk_matrix,kendall
W_fail_mean,N_fail,0.0658745816974108,base_transformer_regressor,tail_risk_matrix,kendall
q95_harmful_error_change,W_fail_mean,0.23146963295611422,base_transformer_regressor,tail_risk_matrix,kendall
N_fail,W_fail_mean,0.0658745816974108,base_transformer_regressor,tail_risk_matrix,kendall
W_fail_mean,W_fail_mean,1.0,base_transformer_regressor,tail_risk_matrix,kendall
